0,1,true
2,3,true
4,3,true
5,6,true
7,8,true
7,9,true
10,11,true
12,11,true
13,14,true
15,16,true
17,18,true
18,19,true
20,21,true
22,23,true
23,24,true
25,26,true
27,28,true
29,30,true
31,32,true
32,33,true
34,35,true
35,36,true
37,38,true
39,40,true
41,42,true
43,44,true
45,46,true
44,46,true
47,46,true
48,49,true
50,51,true
52,51,true
52,53,true
54,55,true
56,57,true
57,58,true
59,60,true
61,62,true
63,64,true
65,66,true
67,68,true
67,69,true
70,71,true
72,73,true
74,75,true
76,77,true
78,79,true
80,81,true
82,83,true
82,84,true
85,86,true
87,88,true
89,88,true
88,90,true
91,92,true
93,94,true
95,96,true
95,97,true
98,99,true
98,100,true
99,100,true
101,102,true
103,104,true
103,105,true
104,105,true
106,107,true
108,109,true
110,111,true
110,112,true
111,112,true
113,114,true
115,114,true
115,116,true
117,118,true
117,119,true
120,119,true
121,122,true
123,124,true
124,125,true
126,127,true
128,129,true
130,131,true
132,133,true
132,134,true
132,135,true
136,137,true
138,139,true
140,141,true
142,143,true
144,145,true
146,147,true
148,149,true
150,151,true
152,153,true
153,154,true
155,156,true
157,158,true
159,160,true
161,162,true
163,164,true
165,166,true
167,168,true
167,169,true
170,171,true
170,166,true
172,173,true
171,173,true
174,175,true
174,176,true
175,176,true
177,178,true
179,180,true
181,182,true
183,184,true
185,186,true
187,188,true
189,190,true
191,192,true
191,190,true
193,194,true
195,196,true
197,198,true
199,200,true
201,202,true
203,204,true
205,206,true
207,208,true
209,210,true
211,212,true
213,214,true
212,210,true
215,216,true
217,218,true
219,220,true
221,222,true
222,223,true
224,223,true
225,226,true
227,228,true
229,230,true
231,232,true
233,234,true
235,236,true
237,238,true
239,240,true
239,241,true
242,236,true
243,244,true
245,246,true
247,248,true
249,250,true
251,252,true
252,253,true
254,255,true
256,257,true
257,258,true
259,260,true
261,262,true
261,263,true
262,264,true
262,263,true
265,266,true
267,268,true
269,270,true
271,272,true
273,274,true
274,275,true
276,277,true
278,279,true
280,281,true
279,282,true
283,277,true
284,285,true
286,287,true
288,289,true
290,291,true
292,293,true
294,295,true
296,297,true
298,299,true
300,301,true
302,303,true
304,303,true
304,305,true
306,307,true
308,309,true
310,311,true
312,313,true
314,315,true
316,317,true
318,319,true
320,321,true
322,323,true
324,325,true
326,325,true
327,328,true
329,330,true
331,332,true
333,334,true
335,336,true
337,338,true
339,340,true
341,342,true
343,344,true
343,345,true
346,347,true
348,349,true
349,350,true
349,351,true
350,351,true
352,353,true
354,355,true
356,357,true
358,359,true
360,361,true
362,361,true
363,364,true
365,366,true
367,368,true
369,370,true
371,372,true
373,374,true
373,375,true
376,377,true
378,379,true
380,381,true
382,383,true
384,385,true
386,387,true
388,389,true
388,390,true
391,389,true
392,389,true
393,394,true
395,396,true
397,398,true
399,400,true
401,402,true
403,404,true
405,406,true
405,407,true
406,408,true
406,407,true
409,410,true
411,412,true
411,413,true
412,413,true
414,415,true
416,417,true
418,419,true
420,421,true
420,422,true
423,424,true
425,424,true
426,427,true
426,428,true
429,430,true
431,430,true
432,433,true
434,435,true
436,437,true
438,439,true
440,441,true
442,443,true
442,444,true
443,445,true
446,445,true
447,448,true
449,450,true
451,452,true
452,453,true
452,454,true
455,456,true
457,458,true
454,459,true
460,461,true
462,463,true
464,465,true
466,467,true
466,468,true
466,469,true
467,470,true
468,471,true
472,473,true
474,475,true
476,477,true
476,478,true
479,480,true
479,478,true
481,482,true
483,484,true
485,486,true
487,488,true
489,488,true
490,488,true
491,492,true
493,494,true
495,496,true
497,498,true
498,499,true
500,501,false
500,502,false
500,322,false
503,504,false
0,505,false
506,507,false
508,509,false
510,511,false
4,512,false
513,37,false
514,310,false
515,516,false
517,518,false
517,349,false
519,520,false
519,521,false
519,350,false
522,523,false
6,31,false
524,525,false
526,232,false
527,247,false
527,528,false
529,530,false
531,89,false
531,532,false
531,410,false
533,534,false
535,536,false
537,538,false
539,540,false
541,542,false
17,417,false
543,544,false
545,546,false
547,548,false
549,550,false
25,551,false
552,553,false
552,554,false
552,289,false
555,556,false
555,557,false
30,83,false
558,559,false
560,561,false
560,562,false
563,564,false
31,565,false
33,566,false
567,568,false
35,473,false
37,505,false
569,570,false
569,571,false
572,573,false
42,574,false
575,576,false
575,577,false
578,272,false
520,126,false
556,579,false
556,472,false
580,581,false
580,582,false
583,584,false
43,509,false
585,119,false
585,233,false
586,255,false
576,587,false
576,588,false
589,590,false
55,186,false
55,591,false
55,336,false
592,593,false
592,594,false
595,596,false
595,597,false
598,599,false
600,601,false
600,602,false
600,590,false
603,101,false
604,605,false
606,607,false
606,360,false
608,609,false
608,495,false
62,610,false
523,611,false
523,612,false
570,613,false
570,614,false
615,616,false
615,617,false
615,618,false
615,619,false
620,621,false
622,623,false
624,625,false
626,591,false
626,627,false
621,628,false
69,629,false
630,631,false
630,632,false
630,633,false
634,582,false
71,566,false
74,635,false
636,530,false
637,638,false
631,639,false
631,488,false
611,640,false
553,635,false
553,641,false
642,643,false
644,645,false
646,647,false
648,649,false
650,651,false
652,103,false
652,653,false
613,287,false
654,651,false
654,588,false
629,181,false
655,656,false
655,410,false
82,582,false
657,658,false
659,660,false
659,661,false
509,662,false
663,664,false
665,666,false
665,667,false
93,638,false
548,668,false
548,669,false
607,670,false
96,671,false
672,673,false
674,675,false
674,491,false
676,618,false
561,677,false
678,679,false
680,681,false
98,682,false
683,684,false
617,685,false
617,686,false
687,249,false
688,689,false
690,691,false
677,450,false
692,460,false
104,571,false
104,673,false
105,693,false
106,694,false
695,643,false
695,696,false
695,697,false
698,699,false
698,376,false
700,185,false
112,309,false
618,679,false
701,702,false
701,684,false
703,302,false
124,270,false
502,565,false
704,705,false
704,363,false
706,528,false
132,707,false
134,708,false
139,709,false
142,710,false
711,449,false
145,581,false
145,487,false
599,214,false
147,638,false
712,694,false
712,713,false
516,507,false
571,714,false
530,715,false
530,716,false
581,717,false
638,584,false
643,565,false
718,709,false
719,720,false
721,722,false
723,351,false
724,725,false
175,362,false
511,726,false
511,363,false
179,498,false
727,728,false
670,673,false
182,729,false
730,731,false
732,675,false
192,733,false
734,623,false
735,667,false
736,429,false
208,579,false
737,738,false
737,739,false
740,460,false
741,742,false
743,426,false
744,525,false
745,746,false
747,729,false
748,749,false
750,247,false
233,397,false
751,752,false
245,661,false
248,253,false
248,753,false
577,319,false
521,348,false
521,710,false
257,378,false
262,733,false
754,649,false
755,395,false
755,419,false
756,757,false
758,759,false
584,760,false
761,762,false
699,708,false
272,763,false
764,528,false
285,481,false
765,544,false
765,766,false
767,768,false
559,769,false
770,771,false
772,464,false
773,774,false
775,649,false
776,315,false
777,546,false
689,720,false
311,485,false
313,778,false
779,427,false
632,627,false
675,733,false
675,738,false
780,781,false
782,647,false
783,684,false
327,433,false
784,504,false
338,785,false
339,610,false
341,786,false
612,787,false
788,550,false
350,789,false
350,790,false
351,791,false
369,792,false
377,793,false
794,795,false
796,720,false
619,792,false
763,797,false
798,799,false
393,476,false
597,716,false
800,707,false
588,801,false
409,802,false
749,633,false
417,803,false
534,428,false
534,441,false
649,804,false
420,739,false
421,805,false
720,430,false
806,774,false
807,808,true
807,809,true
810,811,true
812,813,true
812,814,true
815,816,true
817,818,true
817,819,true
820,821,true
822,823,true
824,825,true
826,825,true
826,827,true
828,825,true
829,830,true
829,831,true
832,833,true
834,835,true
836,837,true
838,839,true
840,841,true
842,843,true
844,845,true
846,847,true
848,847,true
849,850,true
849,851,true
850,852,true
853,852,true
853,854,true
855,856,true
857,858,true
859,858,true
860,861,true
862,863,true
864,865,true
866,867,true
868,869,true
870,871,true
872,873,true
874,875,true
875,876,true
877,878,true
879,880,true
879,881,true
882,883,true
884,885,true
886,887,true
888,887,true
889,890,true
891,892,true
893,894,true
895,896,true
897,898,true
899,898,true
900,901,true
902,903,true
904,905,true
906,907,true
908,909,true
909,910,true
911,912,true
913,912,true
914,915,true
916,917,true
918,919,true
920,921,true
922,923,true
924,925,true
924,926,true
927,928,true
929,930,true
931,932,true
933,932,true
928,934,true
935,936,true
936,937,true
938,939,true
940,941,true
942,943,true
942,944,true
943,944,true
945,946,true
945,947,true
948,949,true
948,950,true
951,949,true
949,950,true
952,953,true
954,955,true
956,957,true
957,958,true
959,960,true
961,962,true
963,964,true
965,966,true
965,967,true
966,967,true
968,969,true
968,970,true
971,972,true
973,974,true
975,974,true
972,976,true
974,976,true
977,978,true
979,980,true
981,982,true
982,983,true
984,985,true
986,987,true
986,988,true
986,989,true
988,989,true
990,991,true
992,993,true
994,995,true
996,997,true
998,999,true
1000,1001,true
1002,1003,true
1002,1004,true
1005,1006,true
1007,1008,true
1008,1009,true
1010,1011,true
1012,1013,true
1012,1014,true
1015,1016,true
1017,1018,true
1019,1020,true
1021,1022,true
1023,1024,true
1025,1026,true
1027,1028,true
1029,1030,true
1031,1032,true
1033,1034,true
1033,1035,true
1036,1037,true
1038,1039,true
1040,1039,true
1041,1039,true
1042,1043,true
1043,1044,true
1043,1045,true
1046,1044,true
1044,1047,true
1044,1048,true
1044,1045,true
1047,1049,true
1048,1045,true
1050,1051,true
1050,1052,true
1053,1052,true
1051,1052,true
1054,1055,true
1056,1055,true
1057,1058,true
1059,1060,true
1061,1062,true
1061,1063,true
1062,1063,true
1064,1065,true
1066,1067,true
1066,1068,true
1069,1070,true
1071,1072,true
1071,1073,true
1072,1073,true
1074,1075,true
1076,1077,true
1078,1079,true
1078,1080,true
1079,1080,true
1081,1082,true
1083,1084,true
1085,1086,true
1085,1087,true
1086,1087,true
1088,1089,true
1090,1091,true
1092,1093,true
1093,1094,true
1095,1096,true
1097,1098,true
1099,1100,true
1101,1102,true
1101,1103,true
1104,1103,true
1105,1106,true
1107,1108,true
1109,1110,true
1111,1112,true
1113,1114,true
1113,1115,true
1114,1116,true
1117,1118,true
1119,1120,true
1119,1121,true
1122,1121,true
1123,1124,true
1125,1126,true
1127,1128,true
1129,1130,true
1131,1132,true
1133,1132,true
1134,1135,true
1136,1137,true
1138,1137,true
1139,1140,true
1141,1140,true
1142,1143,true
1144,1145,true
1146,1147,true
1148,1149,true
1149,1150,true
1151,1152,true
1153,1154,true
1155,1156,true
1157,1158,true
1159,1160,true
1161,1162,true
1161,1163,true
1164,1165,true
1166,1165,true
1167,1168,true
1169,1170,true
1170,1171,true
1172,1173,true
1174,1175,true
1174,1176,true
1177,1178,true
1179,1180,true
1181,1182,true
1183,1184,true
1183,1185,true
1186,1187,true
1186,1188,true
1189,1188,true
1187,1188,true
1190,1191,true
1192,1193,true
1194,1193,true
1195,1191,true
1196,1197,true
1198,1199,true
1200,1201,true
1202,1203,true
1204,1205,true
1206,1207,true
1201,1208,true
1209,1199,true
1210,1211,true
1212,1213,true
1214,1215,true
1216,1217,true
1218,1219,true
1218,1220,true
1221,1220,true
1222,1220,true
1222,1223,true
1220,1223,true
1224,1225,true
1225,1226,true
1227,1228,true
1229,1230,true
1229,1231,true
1229,1232,true
1230,1232,true
1233,1234,true
1235,1236,true
1235,1237,true
1238,1239,true
1240,1241,true
1242,1243,true
1244,1245,true
1246,1247,true
1248,1249,true
1250,1251,true
1252,1247,true
1253,1254,true
1255,1256,true
1256,1257,true
1258,1257,true
1259,1260,true
1259,1261,true
1262,1261,true
1260,1263,true
1261,1264,true
1265,1266,true
1267,1268,true
1269,1270,true
1271,1270,true
1272,1273,true
1274,1275,true
1275,1276,true
1275,1277,true
1278,1279,true
1280,1281,true
815,1282,false
815,1283,false
818,1284,false
1285,1286,false
1287,1288,false
1289,1290,false
1291,1292,false
1291,1293,false
1294,1295,false
1296,1297,false
831,1298,false
1299,1300,false
1301,1302,false
1301,1303,false
835,1059,false
835,1304,false
835,1305,false
1306,1307,false
1308,1309,false
1310,1311,false
1310,1312,false
1313,1314,false
852,911,false
1315,1316,false
1317,1318,false
857,1319,false
858,902,false
860,1320,false
1321,1146,false
1322,922,false
1322,1323,false
1322,1324,false
1325,1326,false
868,1327,false
869,1328,false
869,1329,false
1330,1298,false
1331,1332,false
1333,1334,false
1335,1336,false
1335,1337,false
1335,1338,false
1335,1339,false
882,1340,false
884,1341,false
884,1342,false
1307,1343,false
1307,1344,false
1345,1037,false
1345,1346,false
1345,1347,false
1348,1349,false
1348,1350,false
1348,1351,false
1352,1353,false
1354,1355,false
1336,1356,false
1336,1357,false
1358,1080,false
1359,1360,false
1359,1117,false
1359,1120,false
1361,1362,false
1300,1363,false
1364,1350,false
1365,922,false
1365,1366,false
1365,1136,false
887,1367,false
1368,1369,false
1370,1371,false
890,1001,false
894,1372,false
894,1083,false
894,1373,false
1374,1375,false
1376,1377,false
1376,1378,false
901,1010,false
902,1327,false
905,1379,false
905,1075,false
905,1380,false
907,918,false
909,1344,false
1381,1382,false
1383,1384,false
1385,1386,false
1385,1387,false
1385,1295,false
1388,1389,false
1390,1391,false
1392,1393,false
1288,1394,false
1395,1018,false
1395,1309,false
1396,1397,false
1398,1399,false
1400,1401,false
1402,1372,false
1284,1367,false
1403,1404,false
1386,1405,false
1386,1162,false
1386,1406,false
1407,1408,false
1407,1409,false
1282,1410,false
1411,1412,false
1413,1147,false
1414,1311,false
1414,1415,false
1414,961,false
1341,1416,false
939,1367,false
1417,1418,false
1417,1419,false
1420,1421,false
944,953,false
947,1105,false
1422,1423,false
1424,1425,false
1426,1427,false
1428,1429,false
1428,1430,false
1431,1432,false
1328,1429,false
1328,1332,false
1433,1174,false
1434,1435,false
1434,1436,false
1437,1438,false
1439,1408,false
1440,1314,false
1440,1441,false
1360,1442,false
958,1443,false
1444,1367,false
1444,1445,false
1446,1196,false
961,1447,false
961,1115,false
961,1445,false
1448,1232,false
1449,1450,false
1451,1452,false
969,1292,false
970,1298,false
1453,1394,false
1453,1454,false
971,1455,false
973,1456,false
975,1457,false
976,1458,false
1423,1382,false
978,1459,false
1460,1461,false
979,1141,false
981,1375,false
983,1373,false
984,1105,false
984,1351,false
985,1462,false
987,1463,false
989,1089,false
989,1464,false
1465,1421,false
991,1466,false
1467,1155,false
993,1086,false
994,1468,false
995,1286,false
1297,1469,false
1470,1471,false
996,1110,false
1472,1473,false
1472,1474,false
1475,1225,false
1476,1445,false
999,1477,false
999,1478,false
1000,1017,false
1367,1430,false
1479,1298,false
1480,1340,false
1481,1482,false
1483,1484,false
1483,1293,false
1416,1485,false
1362,1079,false
1303,1486,false
1025,1487,false
1026,1471,false
1488,1272,false
1489,1490,false
1491,1492,false
1493,1160,false
1031,1160,false
1033,1079,false
1033,1492,false
1494,1495,false
1494,1496,false
1379,1156,false
1435,1497,false
1036,1498,false
1036,1334,false
1499,1500,false
1455,1501,false
1502,1503,false
1329,1504,false
1505,1094,false
1505,1144,false
1052,1506,false
1292,1075,false
1495,1295,false
1495,1507,false
1508,1509,false
1510,1393,false
1511,1512,false
1513,1458,false
1304,1170,false
1069,1334,false
1452,1514,false
1372,1515,false
1346,1516,false
1517,1518,false
1517,1519,false
1081,1520,false
1521,1377,false
1522,1436,false
1523,1443,false
1524,1232,false
1343,1504,false
1525,1295,false
1526,1527,false
1088,1461,false
1404,1528,false
1404,1273,false
1404,1529,false
1353,1485,false
1353,1155,false
1530,1425,false
1530,1458,false
1531,1532,false
1531,1533,false
1534,1535,false
1534,1421,false
1536,1425,false
1537,1538,false
1539,1540,false
1380,1541,false
1100,1498,false
1104,1151,false
1108,1542,false
1108,1543,false
1496,1544,false
1545,1275,false
1109,1454,false
1110,1546,false
1410,1547,false
1486,1527,false
1468,1548,false
1468,1549,false
1357,1550,false
1551,1157,false
1548,1401,false
1425,1550,false
1425,1474,false
1457,1516,false
1552,1458,false
1553,1554,false
1555,1280,false
1556,1518,false
1557,1558,false
1557,1559,false
1560,1371,false
1561,1408,false
1562,1549,false
1562,1563,false
1564,1565,false
1564,1566,false
1567,1568,false
1569,1355,false
1145,1497,false
1371,1430,false
1156,1570,false
1571,1166,false
1572,1573,false
1166,1454,false
1518,1188,false
1574,1214,false
1575,1576,false
1466,1577,false
1527,1373,false
1578,1232,false
1579,1344,false
1554,1275,false
1542,1580,false
1581,1582,false
1568,1443,false
1583,1584,true
1585,1586,true
1587,1586,true
1587,1588,true
1586,1588,true
1589,1590,true
1589,1591,true
1592,1593,true
1594,1595,true
1595,1596,true
1597,1598,true
1597,1599,true
1600,1601,true
1602,1601,true
1603,1604,true
1605,1606,true
1607,1606,true
1608,1606,true
1609,1610,true
1611,1612,true
1611,1613,true
1614,1615,true
1614,1616,true
1615,1616,true
1617,1618,true
1617,1619,true
1618,1619,true
1620,1621,true
1622,1623,true
1624,1621,true
1624,1625,true
1626,1627,true
1628,1627,true
1629,1630,true
1631,1630,true
1632,1633,true
1632,1634,true
1635,1636,true
1635,1637,true
1638,1637,true
1636,1637,true
1639,1640,true
1641,1642,true
1643,1644,true
1645,1646,true
1647,1648,true
1649,1650,true
1651,1652,true
1653,1654,true
1655,1656,true
1655,1657,true
1658,1659,true
1660,1661,true
1662,1663,true
1664,1665,true
1666,1667,true
1668,1669,true
1668,1670,true
1669,1671,true
1672,1673,true
1674,1675,true
1675,1670,true
1676,1677,true
1678,1679,true
1680,1681,true
1682,1683,true
1684,1685,true
1686,1687,true
1686,1688,true
1686,1689,true
1687,1688,true
1688,1689,true
1690,1691,true
1692,1693,true
1694,1695,true
1696,1697,true
1698,1699,true
1700,1701,true
1702,1703,true
1704,1705,true
1704,1706,true
1705,1706,true
1705,1707,true
1708,1709,true
1710,1711,true
1712,1713,true
1714,1715,true
1716,1715,true
1717,1718,true
1719,1720,true
1719,1721,true
1722,1723,true
1724,1720,true
1725,1726,true
1727,1728,true
1729,1730,true
1729,1731,true
1732,1733,true
1733,1730,true
1734,1735,true
1736,1737,true
1738,1739,true
1740,1741,true
1742,1743,true
1744,1743,true
1745,1746,true
1745,1747,true
1748,1749,true
1750,1751,true
1752,1753,true
1754,1755,true
1756,1757,true
1758,1759,true
1760,1761,true
1762,1763,true
1762,1764,true
1762,1765,true
1766,1767,true
1766,1768,true
1766,1769,true
1770,1768,true
1771,1772,true
1773,1774,true
1775,1776,true
1777,1778,true
1779,1780,true
1781,1778,true
1782,1778,true
1782,1780,true
1778,1783,true
1784,1785,true
1784,1786,true
1785,1787,true
1788,1787,true
1789,1787,true
1790,1791,true
1792,1793,true
1793,1791,true
1794,1795,true
1796,1797,true
1798,1799,true
1800,1801,true
1802,1799,true
1802,1803,true
1801,1804,true
1805,1806,true
1807,1808,true
1809,1810,true
1811,1812,true
1811,1813,true
1814,1815,true
1812,1813,true
1816,1817,true
1818,1819,true
1820,1821,true
1822,1823,true
1822,1824,true
1825,1824,true
1826,1827,true
1828,1829,true
1828,1830,true
1831,1832,true
1833,1834,true
1835,1836,true
1837,1838,true
1839,1840,true
1841,1842,true
1843,1844,true
1845,1844,true
1846,1847,true
1848,1849,true
1849,1850,true
1851,1852,true
1853,1854,true
1853,1855,true
1854,1855,true
1856,1857,true
1858,1859,true
1860,1861,true
1860,1862,true
1863,1861,true
1863,1862,true
1861,1864,true
1865,1866,true
1867,1868,true
1869,1870,true
1869,1871,true
1870,1871,true
1872,1873,true
1874,1875,true
1876,1877,true
1876,1878,true
1877,1878,true
1879,1880,true
1881,1882,true
1883,1884,true
1885,1886,true
1887,1888,true
1889,1890,true
1891,1892,true
1893,1892,true
1893,1894,true
1895,1896,true
1897,1898,true
1899,1900,true
1901,1902,true
1903,1904,true
1905,1906,true
1905,1907,true
1908,1909,true
1904,1907,true
1910,1911,true
1912,1913,true
1914,1915,true
1916,1917,true
1918,1917,true
1919,1920,true
1921,1922,true
1923,1920,true
1924,1920,true
1925,1922,true
1926,1927,true
1928,1929,true
1930,1931,true
1930,1932,true
1933,1934,true
1935,1936,true
1937,1938,true
1937,1939,true
1940,1941,true
1940,1942,true
1941,1942,true
1943,1944,true
1943,1945,true
1946,1947,true
1948,1949,true
1949,1950,true
1951,1952,true
1952,1953,true
1954,1955,true
1956,1957,true
1958,1959,true
1958,1960,true
1961,1960,true
1962,1963,true
1964,1965,true
1966,1967,true
1968,1969,true
1970,1971,true
1970,1972,true
1973,1974,true
1975,1976,true
1977,1978,true
1979,1980,true
1979,1981,true
1979,1982,true
1980,1982,true
1983,1984,true
1985,1986,true
1985,1987,true
1988,1989,true
1990,1991,true
1992,1993,true
1994,1995,true
1996,1997,true
1996,1998,true
1996,1999,true
1997,1998,true
1997,1999,true
2000,2001,true
2002,2001,true
2003,2004,true
2005,2006,true
2007,2008,true
2009,2010,true
2011,2012,true
2011,2013,true
2012,2013,true
2014,2015,true
2016,2017,true
2018,2017,true
2019,2020,true
2021,2022,true
2023,2024,true
2023,2025,true
2024,2025,true
2026,2027,true
2028,2029,true
2028,2030,true
2031,2032,true
2033,2034,true
2035,2036,true
2037,2038,true
2036,2039,true
2036,2032,true
2040,2032,true
2041,2034,true
2034,2032,true
2042,2043,true
2044,2045,true
2046,2047,false
1585,2048,false
1586,1979,false
1588,2049,false
1589,2050,false
1590,1664,false
2051,2052,false
2051,1951,false
2051,2053,false
1592,2054,false
1593,2044,false
1596,2055,false
1596,2056,false
1596,2036,false
2057,2058,false
2059,2060,false
2059,2061,false
1598,2062,false
1600,2063,false
1604,1760,false
2064,1674,false
2064,2065,false
2064,2056,false
2066,2067,false
2066,2068,false
2069,2070,false
2069,2071,false
2072,2073,false
2074,1663,false
2074,1712,false
2074,2075,false
2076,2077,false
2076,1895,false
2076,2078,false
2079,1678,false
2079,1786,false
2079,2080,false
2081,2082,false
2081,2083,false
2050,1650,false
2084,2085,false
2084,2086,false
2087,2088,false
2089,2090,false
2089,2091,false
2092,1736,false
2092,2093,false
2094,2095,false
2096,2097,false
1610,1641,false
1610,2098,false
2058,1760,false
2058,2099,false
2090,2085,false
2090,2100,false
2101,2102,false
2101,1817,false
2103,1805,false
1615,2104,false
1616,2105,false
1617,1810,false
2106,2107,false
2108,1870,false
1620,2109,false
1621,2110,false
1621,2111,false
2112,1650,false
2112,1833,false
2113,2114,false
2113,1913,false
2113,1993,false
2115,2116,false
2115,2117,false
2118,2078,false
2119,2002,false
2120,2121,false
2120,2075,false
2122,2123,false
2082,1691,false
2082,2124,false
1629,2125,false
1630,2126,false
1633,2127,false
2128,2129,false
2130,2131,false
2132,2133,false
2132,2134,false
2132,2135,false
2132,2136,false
2137,2138,false
2139,1775,false
2140,2141,false
2140,2142,false
2140,2143,false
2144,1708,false
1641,2145,false
1641,2077,false
1641,2146,false
1642,2147,false
1645,1650,false
1645,2148,false
1645,2149,false
2150,2151,false
2150,1846,false
2152,2153,false
2154,2155,false
2154,1739,false
2154,2111,false
2156,1944,false
2157,2158,false
2159,2160,false
2161,2162,false
2163,2164,false
2163,2165,false
2166,1664,false
2166,2167,false
2168,1847,false
2114,2169,false
1651,2148,false
2170,2171,false
2172,1745,false
2173,2174,false
2175,1779,false
2088,1711,false
2088,2176,false
2177,2178,false
2179,2180,false
2179,2178,false
2181,2182,false
1658,2149,false
2183,2184,false
2185,2186,false
2121,1680,false
2121,2187,false
2121,2188,false
2121,2189,false
2190,2191,false
1666,2192,false
2193,2124,false
1668,2194,false
1673,2182,false
2195,1683,false
2196,2197,false
2198,1732,false
2199,2077,false
2199,2200,false
2201,1703,false
2202,2129,false
2202,2194,false
2203,2204,false
1678,1847,false
1678,2205,false
1681,2206,false
1686,2049,false
1688,1871,false
2207,2208,false
2207,2110,false
2207,1940,false
2155,2209,false
1691,1897,false
1691,2210,false
2047,2211,false
2212,1741,false
2213,2214,false
2213,2215,false
2213,2216,false
2217,2218,false
1695,2083,false
2218,1956,false
2098,2219,false
2098,2220,false
2221,1805,false
2222,2143,false
2223,2214,false
2223,2134,false
1703,2083,false
2180,2083,false
2224,2225,false
1708,2226,false
2227,2228,false
2227,2229,false
2227,1876,false
2230,2231,false
2206,1954,false
1712,2117,false
1716,2232,false
2133,2075,false
2233,1807,false
2233,2234,false
2233,2235,false
2236,2237,false
2236,2238,false
2239,2240,false
2241,2242,false
2182,1873,false
2243,2078,false
2244,1834,false
2245,1864,false
2246,2247,false
2248,2136,false
1737,1760,false
2141,1795,false
2240,2061,false
2126,2249,false
2126,2250,false
1741,2242,false
1744,2251,false
1743,2252,false
1743,1947,false
2197,1944,false
1754,2253,false
2254,2067,false
2255,1781,false
2255,1808,false
2256,2257,false
2258,1899,false
2259,2235,false
2260,2261,false
2262,2263,false
2262,2009,false
1776,1948,false
2264,2265,false
2264,2266,false
2267,2169,false
2268,2269,false
2270,2271,false
2270,2272,false
1796,1990,false
2273,2242,false
2274,2117,false
2275,1863,false
2276,2067,false
2151,2277,false
2278,2279,false
2280,2077,false
2281,2013,false
1809,2282,false
1813,2200,false
1817,2261,false
2282,2100,false
2208,2116,false
2283,1902,false
2284,2277,false
2169,2067,false
2285,2134,false
2285,2045,false
2279,2011,false
1838,2200,false
2080,2249,false
1841,2286,false
2271,1847,false
2271,2287,false
2288,1950,false
2289,2290,false
2291,1874,false
2291,2004,false
2292,2293,false
1858,2131,false
2294,1902,false
1862,2068,false
2295,2100,false
2295,2083,false
1868,2003,false
1869,2003,false
1873,2125,false
2234,2053,false
2234,2296,false
1877,2297,false
1895,2298,false
2226,2143,false
2226,1955,false
1897,2299,false
2100,2067,false
1902,2146,false
2167,1933,false
2265,1926,false
2204,2002,false
2287,2176,false
2238,2300,false
1910,2301,false
2302,2303,false
2304,2277,false
2257,2194,false
2305,2143,false
1927,1987,false
2160,2306,false
2300,2307,false
2308,2309,false
2310,1983,false
2053,2311,false
2312,2045,false
2313,2048,false
2314,2250,false
2297,2307,false
2117,2315,false
1985,2316,false
2317,2303,false
2138,2318,false
2136,2319,false
2178,2176,false
2320,2321,true
2320,2322,true
2321,2322,true
2323,2324,true
2323,2325,true
2324,2326,true
2327,2328,true
2329,2328,true
2330,2331,true
2332,2331,true
2333,2334,true
2333,2335,true
2336,2337,true
2338,2339,true
2338,2340,true
2338,2341,true
2340,2341,true
2342,2343,true
2344,2345,true
2346,2347,true
2348,2347,true
2349,2350,true
2351,2352,true
2353,2354,true
2355,2356,true
2356,2357,true
2354,2352,true
2358,2359,true
2359,2360,true
2361,2362,true
2363,2362,true
2364,2365,true
2366,2367,true
2368,2369,true
2370,2371,true
2372,2373,true
2373,2374,true
2375,2374,true
2376,2377,true
2378,2379,true
2380,2381,true
2382,2383,true
2383,2384,true
2385,2386,true
2387,2388,true
2389,2390,true
2391,2392,true
2393,2394,true
2393,2395,true
2396,2397,true
2396,2398,true
2399,2398,true
2399,2400,true
2398,2400,true
2401,2402,true
2403,2402,true
2403,2404,true
2405,2406,true
2407,2408,true
2409,2410,true
2411,2412,true
2413,2414,true
2415,2416,true
2417,2418,true
2419,2420,true
2421,2422,true
2423,2424,true
2425,2426,true
2427,2428,true
2429,2430,true
2431,2432,true
2433,2434,true
2435,2436,true
2437,2438,true
2439,2440,true
2441,2442,true
2443,2444,true
2445,2446,true
2447,2448,true
2449,2450,true
2451,2452,true
2453,2454,true
2454,2455,true
2456,2457,true
2458,2459,true
2458,2460,true
2461,2462,true
2463,2464,true
2465,2466,true
2465,2467,true
2466,2467,true
2468,2469,true
2468,2470,true
2469,2470,true
2469,2471,true
2472,2473,true
2474,2475,true
2476,2477,true
2476,2478,true
2479,2478,true
2477,2478,true
2480,2481,true
2481,2482,true
2483,2484,true
2485,2486,true
2487,2488,true
2489,2490,true
2491,2490,true
2492,2493,true
2494,2495,true
2494,2496,true
2497,2498,true
2497,2499,true
2498,2500,true
2499,2500,true
2496,2500,true
2501,2502,true
2503,2504,true
2505,2506,true
2507,2508,true
2509,2510,true
2511,2512,true
2513,2514,true
2515,2516,true
2515,2517,true
2514,2518,true
2519,2520,true
2521,2522,true
2523,2524,true
2525,2526,true
2527,2528,true
2529,2530,true
2530,2531,true
2532,2533,true
2534,2535,true
2536,2537,true
2538,2539,true
2540,2539,true
2539,2541,true
2542,2543,true
2544,2545,true
2546,2547,true
2546,2548,true
2547,2548,true
2549,2550,true
2551,2552,true
2553,2554,true
2555,2556,true
2555,2557,true
2558,2559,true
2556,2560,true
2561,2562,true
2563,2564,true
2565,2564,true
2566,2567,true
2568,2569,true
2570,2571,true
2572,2573,true
2574,2575,true
2576,2577,true
2578,2579,true
2580,2581,true
2581,2582,true
2581,2583,true
2582,2584,true
2584,2583,true
2583,2585,true
2586,2587,true
2588,2589,true
2587,2590,true
2591,2592,true
2593,2594,true
2595,2596,true
2597,2598,true
2597,2599,true
2598,2600,true
2599,2600,true
2601,2602,true
2603,2604,true
2603,2605,true
2604,2605,true
2606,2607,true
2608,2609,true
2610,2609,true
2611,2612,true
2613,2614,true
2615,2616,true
2617,2618,true
2619,2620,true
2621,2622,true
2623,2624,true
2623,2625,true
2626,2627,true
2628,2629,true
2625,2630,true
2631,2632,true
2631,2633,true
2634,2635,true
2636,2637,true
2638,2639,true
2640,2641,true
2642,2643,true
2644,2645,true
2646,2647,true
2646,2648,true
2647,2648,true
2647,2649,true
2648,2649,true
2648,2650,true
2649,2650,true
2651,2652,true
2653,2654,true
2653,2655,true
2656,2654,true
2654,2655,true
2657,2658,true
2657,2659,true
2658,2659,true
2660,2661,true
2660,2662,true
2663,2664,true
2665,2666,true
2667,2668,true
2667,2669,true
2670,2662,true
2661,2664,true
2671,2672,true
2673,2672,true
2674,2675,true
2676,2677,true
2678,2679,true
2678,2680,true
2679,2680,true
2681,2682,true
2683,2684,true
2685,2686,true
2685,2684,true
2687,2688,true
2689,2690,true
2691,2692,true
2693,2694,true
2693,2695,true
2693,2696,true
2697,2696,true
2697,2698,true
2699,2700,true
2701,2702,true
2703,2704,true
2703,2705,true
2706,2707,true
2706,2708,true
2709,2710,true
2710,2711,true
2712,2713,true
2714,2715,true
2716,2717,true
2718,2719,true
2717,2719,true
2720,2721,true
2722,2723,true
2723,2724,true
2725,2726,true
2727,2728,true
2729,2730,true
2731,2732,true
2733,2734,true
2735,2736,true
2737,2738,true
2737,2739,true
2740,2741,true
2742,2743,true
2743,2744,true
2745,2746,true
2744,2747,true
2747,2746,true
2748,2749,true
2748,2750,true
2751,2752,true
2749,2750,true
2753,2754,true
2755,2756,true
2755,2757,true
2756,2757,true
2758,2759,true
2758,2760,true
2758,2761,true
2759,2761,true
2760,2762,true
2763,2764,true
2765,2766,true
2765,2767,true
2768,2769,true
2768,2770,true
2769,2771,true
2769,2767,true
2771,2770,true
2770,2767,true
2772,2773,true
2774,2775,true
2774,2776,true
2777,2778,false
2779,2379,false
2780,2781,false
2324,2782,false
2326,2783,false
2784,2785,false
2786,2367,false
2786,2787,false
2328,2788,false
2330,2789,false
2334,2790,false
2336,2791,false
2337,2764,false
2792,2793,false
2794,2795,false
2796,2789,false
2797,2798,false
2797,2799,false
2797,2800,false
2801,2802,false
2803,2804,false
2803,2476,false
2803,2805,false
2806,2807,false
2806,2808,false
2809,2741,false
2342,2810,false
2811,2812,false
2813,2814,false
2815,2575,false
2816,2817,false
2350,2818,false
2353,2819,false
2356,2820,false
2356,2821,false
2354,2822,false
2352,2823,false
2824,2825,false
2826,2605,false
2363,2827,false
2828,2703,false
2829,2830,false
2366,2831,false
2832,2715,false
2830,2833,false
2369,2834,false
2835,2836,false
2371,2837,false
2838,2839,false
2838,2840,false
2838,2769,false
2841,2842,false
2841,2843,false
2841,2673,false
2844,2845,false
2846,2847,false
2846,2848,false
2377,2834,false
2377,2807,false
2849,2850,false
2851,2852,false
2853,2854,false
2855,2433,false
2855,2856,false
2857,2858,false
2857,2604,false
2859,2860,false
2845,2823,false
2845,2861,false
2862,2863,false
2864,2865,false
2866,2867,false
2868,2869,false
2378,2870,false
2871,2872,false
2873,2874,false
2875,2474,false
2876,2433,false
2877,2391,false
2878,2879,false
2878,2880,false
2384,2881,false
2882,2676,false
2883,2524,false
2884,2885,false
2884,2886,false
2388,2887,false
2831,2888,false
2790,2889,false
2890,2891,false
2890,2892,false
2391,2893,false
2834,2894,false
2895,2896,false
2397,2897,false
2898,2727,false
2899,2900,false
2901,2865,false
2902,2874,false
2414,2903,false
2904,2730,false
2905,2906,false
2418,2907,false
2827,2908,false
2909,2910,false
2909,2911,false
2909,2912,false
2913,2566,false
2914,2915,false
2916,2917,false
2918,2919,false
2918,2639,false
2920,2921,false
2922,2923,false
2924,2925,false
2926,2927,false
2928,2854,false
2928,2929,false
2428,2930,false
2428,2931,false
2430,2930,false
2430,2586,false
2430,2615,false
2932,2907,false
2932,2933,false
2934,2459,false
2934,2935,false
2860,2936,false
2860,2654,false
2937,2938,false
2939,2940,false
2939,2886,false
2941,2837,false
2942,2943,false
2944,2945,false
2946,2817,false
2947,2948,false
2852,2949,false
2852,2923,false
2950,2888,false
2431,2951,false
2431,2952,false
2432,2953,false
2825,2954,false
2955,2956,false
2955,2833,false
2925,2957,false
2958,2959,false
2960,2961,false
2435,2962,false
2436,2818,false
2963,2836,false
2963,2964,false
2965,2785,false
2966,2805,false
2967,2968,false
2969,2461,false
2969,2970,false
2842,2789,false
2799,2778,false
2799,2971,false
2447,2968,false
2854,2972,false
2854,2973,false
2452,2974,false
2975,2930,false
2778,2976,false
2461,2865,false
2900,2867,false
2959,2977,false
2959,2594,false
2978,2953,false
2464,2908,false
2979,2972,false
2979,2718,false
2465,2915,false
2889,2483,false
2889,2980,false
2889,2622,false
2889,2672,false
2981,2982,false
2983,2984,false
2921,2985,false
2843,2622,false
2986,2987,false
2870,2492,false
2823,2933,false
2479,2988,false
2477,2653,false
2989,2635,false
2990,2985,false
2991,2874,false
2991,2992,false
2807,2993,false
2807,2994,false
2484,2549,false
2484,2995,false
2996,2529,false
2996,2896,false
2486,2940,false
2997,2522,false
2837,2782,false
2785,2998,false
2999,3000,false
2999,2988,false
3001,2772,false
2951,2988,false
2951,3002,false
3003,2502,false
3003,3004,false
2929,2865,false
3005,3006,false
2907,3007,false
3008,2818,false
3008,2775,false
2840,3009,false
3010,2940,false
3010,2995,false
2501,3011,false
2502,2935,false
3012,2863,false
3013,3014,false
3015,3016,false
3015,3017,false
2509,2525,false
3018,3019,false
2933,2919,false
2933,3020,false
2933,2769,false
2526,2992,false
2527,2574,false
2549,3021,false
3022,3023,false
3024,2783,false
3025,3026,false
3025,3027,false
2874,3028,false
3029,2923,false
2564,2949,false
2568,3030,false
2568,2810,false
2954,2657,false
3031,3032,false
2789,2788,false
2570,3033,false
2572,2995,false
3034,2740,false
3030,3035,false
2993,3036,false
2993,3037,false
2575,2702,false
2812,2735,false
3038,2923,false
2919,3014,false
2881,2894,false
3036,3000,false
3039,2931,false
3039,3040,false
3041,3042,false
2818,3043,false
2818,2707,false
3044,2609,false
3045,3046,false
3047,2686,false
3047,3048,false
3000,2810,false
3049,3027,false
2911,2810,false
3050,3033,false
2985,2880,false
3051,2715,false
2980,2658,false
2608,2676,false
3052,3053,false
2613,2772,false
2614,3046,false
3054,3055,false
3023,3032,false
2620,2915,false
3056,3057,false
3056,2865,false
2861,3058,false
2861,2755,false
2964,2948,false
2964,2721,false
3059,2867,false
3059,3060,false
3059,3061,false
2670,2725,false
2675,3040,false
3062,3063,false
3064,2770,false
3065,3066,false
2949,3067,false
3002,3068,false
2715,2726,false
3069,2903,false
3069,3070,false
2795,3071,false
3072,3073,false
3074,3075,true
3076,3077,true
3078,3079,true
3080,3081,true
3082,3081,true
3083,3084,true
3085,3086,true
3085,3087,true
3088,3087,true
3089,3090,true
3091,3090,true
3092,3093,true
3094,3095,true
3096,3097,true
3098,3099,true
3098,3100,true
3099,3101,true
3099,3100,true
3102,3103,true
3104,3105,true
3106,3107,true
3106,3108,true
3106,3109,true
3107,3108,true
3108,3109,true
3110,3111,true
3110,3112,true
3110,3113,true
3111,3114,true
3115,3114,true
3116,3117,true
3118,3119,true
3120,3121,true
3122,3123,true
3123,3124,true
3125,3126,true
3127,3128,true
3127,3129,true
3128,3129,true
3130,3131,true
3132,3131,true
3132,3133,true
3134,3135,true
3136,3137,true
3137,3138,true
3137,3139,true
3140,3141,true
3141,3142,true
3141,3143,true
3144,3143,true
3145,3146,true
3147,3148,true
3147,3149,true
3150,3151,true
3152,3153,true
3154,3155,true
3156,3157,true
3158,3151,true
3159,3153,true
3160,3161,true
3161,3162,true
3163,3164,true
3165,3166,true
3167,3168,true
3169,3170,true
3171,3172,true
3173,3174,true
3175,3176,true
3177,3178,true
3179,3180,true
3181,3180,true
3182,3183,true
3183,3184,true
3183,3185,true
3186,3187,true
3186,3188,true
3189,3190,true
3189,3191,true
3192,3193,true
3192,3194,true
3193,3194,true
3193,3195,true
3196,3197,true
3198,3199,true
3200,3201,true
3199,3202,true
3202,3203,true
3204,3205,true
3206,3207,true
3207,3208,true
3209,3210,true
3209,3211,true
3212,3213,true
3214,3213,true
3215,3216,true
3217,3218,true
3217,3219,true
3218,3219,true
3220,3221,true
3222,3223,true
3224,3225,true
3226,3225,true
3226,3227,true
3225,3227,true
3228,3229,true
3228,3230,true
3228,3231,true
3229,3232,true
3233,3232,true
3234,3232,true
3235,3236,true
3237,3238,true
3239,3240,true
3241,3242,true
3241,3243,true
3244,3245,true
3242,3246,true
3247,3245,true
3246,3245,true
3248,3249,true
3250,3251,true
3252,3253,true
3254,3251,true
3255,3256,true
3257,3258,true
3259,3260,true
3259,3261,true
3262,3263,true
3264,3265,true
3264,3266,true
3267,3265,true
3265,3266,true
3268,3269,true
3270,3271,true
3272,3273,true
3272,3274,true
3275,3276,true
3277,3273,true
3278,3274,true
3279,3280,true
3281,3282,true
3283,3284,true
3284,3285,true
3286,3287,true
3288,3289,true
3290,3291,true
3292,3293,true
3294,3293,true
3295,3296,true
3297,3298,true
3299,3300,true
3299,3301,true
3302,3303,true
3304,3305,true
3306,3307,true
3306,3308,true
3309,3310,true
3307,3308,true
3311,3312,true
3311,3313,true
3312,3308,true
3314,3315,true
3316,3317,true
3318,3319,true
3320,3321,true
3322,3323,true
3324,3325,true
3326,3327,true
3328,3329,true
3328,3330,true
3329,3327,true
3331,3332,true
3333,3334,true
3335,3336,true
3337,3338,true
3339,3340,true
3339,3341,true
3340,3342,true
3341,3342,true
3343,3344,true
3343,3345,true
3344,3345,true
3346,3347,true
3348,3349,true
3348,3350,true
3351,3352,true
3353,3354,true
3355,3356,true
3357,3358,true
3359,3360,true
3359,3361,true
3360,3361,true
3362,3363,true
3363,3364,true
3365,3366,true
3367,3368,true
3369,3370,true
3371,3372,true
3371,3373,true
3371,3374,true
3375,3376,true
3377,3378,true
3379,3380,true
3380,3381,true
3382,3381,true
3383,3384,true
3385,3386,true
3384,3387,true
3387,3388,true
3389,3390,true
3391,3392,true
3391,3393,true
3391,3394,true
3392,3393,true
3395,3396,true
3397,3398,true
3399,3400,true
3401,3402,true
3403,3404,true
3405,3406,true
3407,3408,true
3407,3409,true
3408,3409,true
3410,3411,true
3412,3413,true
3412,3411,true
3414,3415,true
3416,3417,true
3417,3418,true
3419,3420,true
3421,3422,true
3423,3424,true
3425,3426,true
3425,3427,true
3427,3428,true
3429,3430,true
3431,3432,true
3433,3434,true
3433,3435,true
3436,3434,true
3434,3435,true
3437,3438,true
3439,3440,true
3441,3442,true
3443,3444,true
3445,3446,true
3447,3448,true
3449,3450,true
3451,3452,true
3453,3454,true
3453,3455,true
3456,3457,true
3456,3458,true
3456,3459,true
3457,3458,true
3460,3461,true
3462,3463,true
3464,3465,true
3466,3467,true
3468,3469,true
3470,3471,true
3469,3467,true
3472,3473,true
3474,3475,true
3474,3476,true
3477,3478,true
3479,3478,true
3480,3481,true
3482,3483,true
3484,3485,true
3486,3487,true
3488,3489,true
3490,3491,true
3490,3492,true
3487,3493,true
3487,3489,true
3494,3492,true
3494,3495,true
3496,3493,true
3497,3498,true
3499,3500,true
3501,3502,true
3501,3503,true
3504,3505,true
3506,3505,true
3507,3508,true
3509,3510,true
3509,3511,true
3509,3512,true
3510,3511,true
3510,3512,true
3511,3512,true
3513,3514,true
3515,3516,true
3515,3517,true
3516,3517,true
3518,3519,true
3518,3520,true
3521,3522,true
3523,3522,true
3524,3525,false
3524,3526,false
3527,3528,false
3527,3529,false
3530,3531,false
3530,3532,false
3533,3534,false
3075,3535,false
3536,3537,false
3538,3539,false
3538,3125,false
3540,3123,false
3540,3541,false
3542,3403,false
3077,3256,false
3543,3531,false
3544,3545,false
3546,3547,false
3546,3548,false
3549,3550,false
3080,3407,false
3082,3551,false
3083,3552,false
3083,3553,false
3087,3554,false
3555,3446,false
3555,3482,false
3556,3266,false
3556,3557,false
3556,3558,false
3556,3394,false
3559,3250,false
3560,3561,false
3560,3297,false
3093,3562,false
3093,3245,false
3093,3525,false
3563,3564,false
3563,3418,false
3565,3566,false
3567,3568,false
3095,3289,false
3100,3569,false
3102,3298,false
3102,3570,false
3103,3258,false
3571,3572,false
3107,3573,false
3108,3574,false
3575,3576,false
3577,3578,false
3579,3580,false
3581,3582,false
3111,3583,false
3112,3584,false
3113,3585,false
3586,3587,false
3117,3588,false
3589,3590,false
3591,3592,false
3591,3593,false
3118,3594,false
3595,3594,false
3595,3596,false
3595,3597,false
3595,3598,false
3595,3599,false
3600,3601,false
3602,3512,false
3120,3603,false
3121,3252,false
3604,3605,false
3123,3468,false
3125,3606,false
3125,3607,false
3129,3608,false
3130,3609,false
3133,3610,false
3611,3612,false
3613,3614,false
3613,3615,false
3613,3616,false
3617,3618,false
3619,3288,false
3619,3574,false
3620,3608,false
3620,3621,false
3620,3622,false
3623,3624,false
3136,3237,false
3138,3625,false
3626,3548,false
3626,3627,false
3628,3607,false
3145,3629,false
3146,3418,false
3630,3629,false
3630,3526,false
3630,3631,false
3630,3632,false
3633,3534,false
3634,3547,false
3634,3635,false
3636,3637,false
3163,3336,false
3165,3638,false
3639,3640,false
3639,3641,false
3177,3354,false
3181,3375,false
3642,3643,false
3644,3645,false
3644,3646,false
3644,3647,false
3644,3648,false
3182,3649,false
3650,3651,false
3650,3497,false
3652,3653,false
3654,3655,false
3654,3656,false
3657,3608,false
3657,3658,false
3657,3659,false
3584,3660,false
3584,3661,false
3592,3662,false
3663,3664,false
3663,3665,false
3666,3667,false
3668,3235,false
3669,3670,false
3671,3376,false
3672,3673,false
3210,3321,false
3576,3674,false
3675,3608,false
3676,3677,false
3678,3612,false
3678,3679,false
3601,3236,false
3216,3680,false
3681,3305,false
3681,3682,false
3683,3528,false
3547,3684,false
3685,3655,false
3218,3554,false
3686,3360,false
3662,3327,false
3662,3585,false
3662,3362,false
3687,3688,false
3550,3689,false
3690,3336,false
3225,3436,false
3688,3255,false
3688,3289,false
3645,3691,false
3593,3587,false
3692,3693,false
3228,3362,false
3694,3695,false
3236,3526,false
3238,3696,false
3578,3697,false
3698,3699,false
3697,3378,false
3239,3585,false
3700,3701,false
3702,3703,false
3704,3705,false
3594,3706,false
3594,3523,false
3614,3707,false
3614,3708,false
3258,3709,false
3710,3711,false
3712,3713,false
3714,3715,false
3716,3717,false
3718,3437,false
3259,3507,false
3719,3720,false
3721,3722,false
3721,3723,false
3270,3407,false
3271,3665,false
3724,3725,false
3724,3726,false
3609,3324,false
3609,3661,false
3535,3433,false
3727,3728,false
3557,3682,false
3608,3729,false
3608,3454,false
3693,3566,false
3277,3730,false
3731,3732,false
3733,3734,false
3279,3585,false
3280,3409,false
3735,3736,false
3735,3368,false
3735,3737,false
3738,3739,false
3740,3741,false
3729,3548,false
3281,3717,false
3282,3742,false
3282,3695,false
3743,3744,false
3743,3508,false
3745,3330,false
3745,3746,false
3703,3337,false
3747,3748,false
3713,3749,false
3713,3750,false
3664,3751,false
3664,3750,false
3723,3752,false
3753,3715,false
3753,3754,false
3742,3514,false
3739,3303,false
3755,3751,false
3299,3375,false
3629,3677,false
3303,3756,false
3757,3758,false
3757,3759,false
3684,3323,false
3684,3760,false
3684,3502,false
3761,3762,false
3315,3622,false
3318,3326,false
3763,3764,false
3763,3744,false
3564,3336,false
3564,3574,false
3321,3765,false
3762,3659,false
3322,3766,false
3323,3767,false
3768,3769,false
3768,3641,false
3770,3771,false
3770,3534,false
3770,3622,false
3772,3363,false
3773,3386,false
3773,3774,false
3775,3695,false
3331,3587,false
3570,3776,false
3335,3756,false
3751,3437,false
3777,3756,false
3778,3779,false
3778,3677,false
3767,3769,false
3532,3780,false
3649,3781,false
3661,3782,false
3347,3783,false
3355,3784,false
3355,3395,false
3355,3406,false
3720,3405,false
3667,3507,false
3785,3452,false
3615,3500,false
3786,3709,false
3787,3691,false
3598,3788,false
3789,3709,false
3706,3790,false
3583,3791,false
3750,3648,false
3792,3607,false
3404,3793,false
3794,3795,false
3796,3797,false
3798,3799,false
3631,3800,false
3801,3802,false
3732,3803,false
3781,3438,false
3677,3797,false
3804,3805,false
3804,3462,false
3445,3793,false
3764,3670,false
3806,3520,false
3807,3808,false
3809,3810,false
3800,3518,false
3811,3812,true
3813,3812,true
3814,3815,true
3816,3817,true
3816,3818,true
3819,3820,true
3821,3822,true
3823,3824,true
3823,3825,true
3826,3827,true
3828,3829,true
3830,3831,true
3832,3831,true
3832,3833,true
3834,3835,true
3836,3837,true
3838,3839,true
3837,3839,true
3840,3841,true
3840,3842,true
3843,3844,true
3845,3846,true
3847,3848,true
3849,3850,true
3849,3851,true
3850,3852,true
3851,3852,true
3853,3854,true
3853,3855,true
3853,3856,true
3855,3856,true
3857,3858,true
3859,3860,true
3861,3862,true
3863,3864,true
3865,3866,true
3867,3868,true
3869,3870,true
3871,3872,true
3873,3874,true
3875,3876,true
3877,3878,true
3876,3879,true
3880,3881,true
3881,3878,true
3882,3883,true
3882,3884,true
3885,3884,true
3883,3886,true
3887,3888,true
3889,3890,true
3891,3892,true
3893,3894,true
3895,3896,true
3897,3898,true
3899,3900,true
3901,3900,true
3902,3903,true
3904,3905,true
3904,3906,true
3907,3908,true
3906,3909,true
3908,3910,true
3911,3912,true
3913,3914,true
3915,3916,true
3915,3917,true
3916,3917,true
3918,3919,true
3920,3921,true
3922,3923,true
3924,3925,true
3926,3927,true
3928,3929,true
3930,3931,true
3931,3932,true
3933,3932,true
3933,3934,true
3935,3936,true
3936,3937,true
3936,3938,true
3939,3940,true
3941,3940,true
3942,3943,true
3944,3945,true
3946,3945,true
3946,3947,true
3945,3947,true
3948,3949,true
3950,3951,true
3952,3953,true
3954,3955,true
3956,3957,true
3958,3959,true
3960,3961,true
3962,3961,true
3961,3963,true
3964,3965,true
3964,3966,true
3965,3966,true
3967,3968,true
3967,3969,true
3968,3970,true
3969,3970,true
3971,3972,true
3971,3973,true
3971,3974,true
3972,3975,true
3976,3977,true
3978,3979,true
3980,3981,true
3982,3981,true
3983,3984,true
3983,3985,true
3984,3986,true
3984,3985,true
3987,3988,true
3989,3990,true
3991,3990,true
3992,3993,true
3994,3995,true
3996,3995,true
3997,3998,true
3999,3998,true
3999,4000,true
3998,4000,true
4001,4002,true
4003,4004,true
4004,4005,true
4004,4006,true
4005,4007,true
4008,4009,true
4010,4011,true
4012,4013,true
4014,4015,true
4014,4016,true
4017,4018,true
4019,4018,true
4020,4021,true
4020,4022,true
4021,4023,true
4024,4022,true
4022,4025,true
4026,4027,true
4026,4028,true
4027,4028,true
4029,4030,true
4031,4030,true
4032,4033,true
4034,4035,true
4036,4037,true
4036,4038,true
4037,4039,true
4038,4039,true
4040,4041,true
4040,4042,true
4041,4042,true
4043,4044,true
4045,4044,true
4046,4047,true
4048,4047,true
4049,4050,true
4049,4051,true
4050,4051,true
4052,4053,true
4054,4055,true
4055,4056,true
4057,4058,true
4057,4059,true
4060,4061,true
4062,4063,true
4062,4064,true
4065,4066,true
4067,4068,true
4069,4070,true
4071,4072,true
4073,4074,true
4075,4076,true
4077,4078,true
4079,4080,true
4079,4081,true
4082,4083,true
4083,4084,true
4085,4086,true
4087,4088,true
4089,4090,true
4089,4091,true
4092,4093,true
4092,4094,true
4094,4095,true
4096,4097,true
4098,4099,true
4100,4101,true
4100,4102,true
4100,4103,true
4101,4102,true
4101,4104,true
4101,4103,true
4104,4103,true
4105,4106,true
4107,4108,true
4109,4110,true
4111,4112,true
4111,4113,true
4113,4114,true
4115,4116,true
4117,4118,true
4117,4119,true
4118,4119,true
4120,4121,true
4122,4121,true
4121,4123,true
4124,4125,true
4126,4127,true
4128,4129,true
4130,4129,true
4131,4132,true
4131,4133,true
4134,4135,true
4136,4137,true
4138,4139,true
4140,4141,true
4140,4142,true
4143,4142,true
4144,4145,true
4146,4147,true
4146,4148,true
4149,4148,true
4150,4151,true
4152,4153,true
4153,4154,true
4155,4156,true
4157,4158,true
4159,4158,true
4160,4161,true
4162,4163,true
4164,4165,true
4166,4167,true
4166,4168,true
4169,4170,true
4170,4171,true
4170,4172,true
4171,4172,true
4173,4174,true
4175,4176,true
4177,4178,true
4179,4180,true
4179,4181,true
4182,4181,true
4183,4184,true
4185,4186,true
4185,4184,true
4186,4184,true
4187,4188,true
4189,4190,true
4191,4192,true
4193,4194,true
4195,4196,true
4195,4197,true
4196,4197,true
4198,4199,true
4200,4201,true
4202,4203,true
4204,4205,true
4205,4206,true
4207,4208,true
4207,4209,true
4210,4211,true
4210,4212,true
4210,4213,true
4210,4214,true
4211,4213,true
4215,4216,true
4215,4217,true
4218,4219,true
4220,4221,true
4222,4223,true
4224,4225,true
4224,4226,true
4225,4226,true
4227,4228,true
4229,4230,true
4231,4232,true
4233,4232,true
4234,4235,true
4236,4237,true
4236,4238,true
4239,4240,true
4241,4242,true
4243,4244,true
4243,4245,true
4243,4246,true
4247,4248,true
4249,4250,true
4250,4251,true
4248,4251,true
4252,4253,true
4254,4255,true
4254,4256,true
4256,4257,true
4258,4259,false
4258,4260,false
3815,4261,false
3816,4262,false
4263,4042,false
4264,4265,false
4266,4267,false
4266,4268,false
4266,4169,false
4266,4269,false
4270,4271,false
4270,4272,false
4270,4262,false
4273,4060,false
4274,4225,false
4275,4276,false
4277,4278,false
4277,4279,false
4277,4280,false
3834,4281,false
3835,3863,false
4282,4283,false
4282,4284,false
4282,4285,false
4286,4287,false
4288,3859,false
4289,4290,false
4291,4292,false
4291,4293,false
4291,4085,false
4291,4253,false
4294,4295,false
4294,4183,false
4296,4297,false
4296,4298,false
4296,4299,false
3840,4300,false
3840,4301,false
4302,4303,false
4302,4304,false
4305,4306,false
4307,4308,false
4307,4309,false
4310,4311,false
4310,4312,false
4313,4314,false
4315,4316,false
3843,4317,false
3843,4318,false
3843,4319,false
4278,4320,false
4278,4188,false
4321,4322,false
4323,3924,false
4323,4324,false
4323,4325,false
3847,4162,false
3857,4326,false
3857,4290,false
3858,4327,false
3860,4014,false
4328,4329,false
4330,4331,false
4330,4332,false
4276,4333,false
4334,4335,false
4334,4336,false
4334,4337,false
4338,4134,false
4339,4340,false
4339,4341,false
4339,4161,false
4342,4343,false
4342,4344,false
4345,4331,false
4345,4127,false
3864,3988,false
3865,4346,false
4283,4347,false
4283,4348,false
3867,4280,false
4349,4350,false
4351,4016,false
4352,4353,false
3869,4309,false
3870,4350,false
4354,4355,false
4356,4040,false
4357,4358,false
4300,4359,false
4271,4360,false
4271,4361,false
4362,4363,false
3872,4364,false
4365,4366,false
4367,4368,false
4367,4169,false
4369,4370,false
4371,4372,false
3873,4072,false
4373,4374,false
4375,4376,false
3877,4377,false
4378,4379,false
4380,4381,false
4314,4382,false
3887,4383,false
4384,4385,false
4386,4139,false
4387,4388,false
4389,4390,false
4391,4392,false
4316,4205,false
4393,4137,false
4393,4394,false
3893,4395,false
4396,4397,false
4398,4173,false
4399,3899,false
4399,4400,false
4401,3911,false
4401,4402,false
4363,4374,false
3898,4394,false
4403,4377,false
4272,4404,false
4272,4405,false
4406,4407,false
4406,4408,false
4409,4336,false
4409,4410,false
4409,4159,false
3913,3925,false
3915,3921,false
3918,4056,false
4411,4359,false
4412,4413,false
4414,4415,false
4416,4417,false
3921,4418,false
3922,4419,false
3922,4420,false
3923,4421,false
4422,4290,false
3924,4423,false
3927,4381,false
4424,4420,false
3935,4425,false
4360,4426,false
4427,3997,false
4428,4429,false
4428,4090,false
4430,3990,false
4431,4432,false
4433,4165,false
3943,4039,false
3943,4434,false
4435,4436,false
4437,4018,false
4438,4331,false
4439,4400,false
4440,4441,false
4442,4443,false
4442,4444,false
4445,4446,false
4419,4309,false
3947,3997,false
4447,4448,false
3961,4062,false
3961,4124,false
4449,4450,false
4449,4451,false
4452,4322,false
4335,4453,false
4454,4455,false
3967,4456,false
3968,4457,false
4458,4459,false
4460,4461,false
4462,4463,false
4464,4038,false
3984,4465,false
4448,4311,false
3988,4443,false
3989,4466,false
3996,4035,false
4467,4468,false
4469,4470,false
4471,4472,false
4471,4473,false
4324,4392,false
4007,4303,false
4009,4474,false
4475,4476,false
4475,4477,false
4478,4479,false
4480,4045,false
4481,4446,false
4346,4482,false
4013,4483,false
4484,4485,false
4472,4336,false
4472,4410,false
4472,4486,false
4015,4487,false
4488,4320,false
4281,4028,false
4281,4453,false
4026,4489,false
4490,4269,false
4491,4405,false
4030,4492,false
4493,4173,false
4494,4432,false
4032,4163,false
4495,4496,false
4497,4482,false
4497,4498,false
4499,4500,false
4501,4502,false
4503,4053,false
4503,4436,false
4504,4446,false
4041,4505,false
4326,4506,false
4326,4361,false
4045,4485,false
4507,4470,false
4047,4400,false
4508,4177,false
4509,4095,false
4443,4510,false
4350,4088,false
4287,4388,false
4061,4400,false
4487,4410,false
4511,4404,false
4064,4512,false
4513,4117,false
4513,4514,false
4067,4515,false
4068,4516,false
4492,4517,false
4492,4518,false
4519,4207,false
4520,4521,false
4505,4162,false
4355,4485,false
4466,4522,false
4071,4099,false
4072,4418,false
4081,4523,false
4524,4525,false
4485,4110,false
4082,4516,false
4308,4526,false
4344,4527,false
4377,4528,false
4529,4390,false
4368,4530,false
4100,4531,false
4285,4259,false
4285,4174,false
4506,4532,false
4479,4533,false
4532,4534,false
4535,4172,false
4124,4536,false
4126,4537,false
4132,4451,false
4348,4269,false
4332,4189,false
4332,4251,false
4538,4539,false
4538,4540,false
4477,4531,false
4279,4541,false
4542,4325,false
4543,4190,false
4159,4526,false
4473,4544,false
4545,4436,false
4546,4453,false
4546,4547,false
4446,4420,false
4171,4548,false
4540,4523,false
4549,4550,false
4173,4184,false
4177,4523,false
4179,4219,false
4359,4522,false
4379,4551,false
4426,4201,false
4420,4226,false
4517,4552,false
4461,4441,false
4405,4553,false
4304,4299,false
4235,4253,false
4554,4555,true
4556,4557,true
4558,4559,true
4560,4561,true
4562,4563,true
4564,4565,true
4564,4566,true
4564,4567,true
4565,4566,true
4568,4569,true
4570,4571,true
4572,4573,true
4574,4575,true
4576,4577,true
4578,4575,true
4579,4575,true
4577,4580,true
4581,4582,true
4583,4584,true
4585,4586,true
4587,4588,true
4589,4590,true
4591,4592,true
4593,4594,true
4595,4596,true
4597,4598,true
4599,4600,true
4601,4602,true
4603,4604,true
4605,4604,true
4606,4607,true
4608,4609,true
4610,4609,true
4611,4612,true
4613,4614,true
4615,4616,true
4617,4618,true
4619,4620,true
4621,4620,true
4622,4623,true
4622,4624,true
4623,4624,true
4625,4626,true
4627,4628,true
4629,4630,true
4629,4631,true
4630,4631,true
4632,4633,true
4634,4635,true
4636,4635,true
4637,4638,true
4639,4640,true
4641,4642,true
4643,4644,true
4645,4646,true
4647,4648,true
4649,4650,true
4651,4652,true
4653,4654,true
4655,4656,true
4656,4657,true
4658,4659,true
4660,4661,true
4662,4663,true
4662,4664,true
4663,4664,true
4665,4666,true
4667,4668,true
4667,4669,true
4670,4671,true
4672,4673,true
4674,4675,true
4676,4677,true
4676,4678,true
4679,4680,true
4681,4682,true
4683,4684,true
4683,4685,true
4686,4687,true
4686,4688,true
4689,4690,true
4691,4692,true
4693,4694,true
4695,4696,true
4697,4698,true
4697,4699,true
4700,4701,true
4702,4703,true
4702,4704,true
4705,4706,true
4707,4708,true
4709,4710,true
4711,4712,true
4713,4714,true
4715,4716,true
4717,4718,true
4719,4720,true
4721,4722,true
4723,4724,true
4725,4726,true
4727,4728,true
4729,4730,true
4731,4732,true
4733,4734,true
4734,4735,true
4736,4737,true
4738,4739,true
4740,4741,true
4742,4743,true
4742,4744,true
4745,4746,true
4747,4748,true
4749,4750,true
4751,4750,true
4752,4753,true
4754,4755,true
4756,4757,true
4758,4759,true
4757,4759,true
4760,4761,true
4762,4763,true
4762,4764,true
4763,4765,true
4766,4764,true
4766,4767,true
4768,4769,true
4770,4771,true
4772,4773,true
4772,4774,true
4775,4776,true
4777,4778,true
4779,4780,true
4781,4782,true
4783,4784,true
4785,4786,true
4787,4788,true
4789,4790,true
4791,4792,true
4793,4794,true
4795,4794,true
4796,4797,true
4798,4799,true
4800,4801,true
4800,4802,true
4803,4802,true
4804,4805,true
4806,4807,true
4808,4809,true
4808,4810,true
4811,4812,true
4813,4814,true
4815,4814,true
4815,4816,true
4814,4816,true
4817,4818,true
4819,4820,true
4821,4822,true
4823,4824,true
4825,4826,true
4827,4828,true
4829,4830,true
4830,4831,true
4832,4831,true
4832,4833,true
4834,4835,true
4836,4835,true
4837,4838,true
4837,4839,true
4840,4841,true
4842,4843,true
4844,4845,true
4846,4847,true
4848,4847,true
4849,4850,true
4850,4851,true
4852,4853,true
4854,4855,true
4856,4857,true
4858,4859,true
4860,4861,true
4862,4863,true
4862,4864,true
4863,4859,true
4863,4864,true
4859,4864,true
4865,4866,true
4867,4868,true
4869,4868,true
4870,4871,true
4872,4873,true
4874,4875,true
4874,4876,true
4877,4878,true
4875,4879,true
4880,4881,true
4882,4883,true
4883,4884,true
4885,4886,true
4887,4888,true
4889,4890,true
4891,4892,true
4892,4893,true
4894,4895,true
4896,4897,true
4896,4895,true
4898,4899,true
4900,4901,true
4900,4902,true
4900,4903,true
4904,4905,true
4906,4907,true
4908,4909,true
4910,4911,true
4912,4913,true
4914,4915,true
4916,4917,true
4918,4919,true
4920,4921,true
4922,4923,true
4923,4921,true
4924,4925,true
4925,4926,true
4925,4927,true
4928,4929,true
4930,4931,true
4932,4933,true
4934,4935,true
4936,4937,true
4938,4939,true
4938,4940,true
4941,4940,true
4942,4943,true
4944,4945,true
4946,4947,true
4943,4945,true
4948,4949,true
4950,4951,true
4952,4953,true
4954,4955,true
4956,4957,true
4958,4959,true
4959,4960,true
4961,4962,true
4963,4964,true
4965,4966,true
4967,4968,true
4969,4970,true
4971,4972,true
4973,4972,true
4974,4975,true
4976,4977,true
4978,4979,true
4980,4981,true
4982,4983,true
4984,4985,true
4984,4986,true
4985,4986,true
4987,4988,true
4989,4990,true
4991,4992,true
4993,4994,true
4994,4995,true
4996,4997,true
4998,4999,true
5000,5001,true
5001,5002,true
5002,5003,true
5004,5005,true
5006,5007,true
5008,5007,true
5009,5010,true
5011,5012,true
5013,5014,true
5015,5016,true
5017,5018,true
5019,5020,true
5021,5022,true
5023,5024,true
5025,5026,true
5027,5028,true
5029,5030,true
5029,5031,true
5032,5030,true
5033,5034,true
5034,5035,true
5036,5037,true
5037,5038,true
5039,5040,true
5039,5041,true
5042,5043,true
5043,5044,true
5045,5046,true
5045,5047,true
5046,5047,true
5048,5049,true
5050,5051,true
5052,5053,true
5054,5055,true
5056,5057,true
5058,5057,true
5059,5060,false
5061,5007,false
5062,5063,false
5064,5065,false
5064,5066,false
5064,4953,false
4559,5067,false
5068,5069,false
5070,4726,false
5071,5072,false
5071,4784,false
5071,5073,false
5071,5074,false
5071,5075,false
5076,5077,false
5076,5078,false
5079,5080,false
5081,5082,false
5083,5074,false
5084,5085,false
5084,5086,false
5084,5087,false
4565,5088,false
5089,5090,false
5089,5091,false
5092,5093,false
5092,5094,false
5095,5096,false
5095,5097,false
5095,5098,false
4571,5099,false
5100,5101,false
5100,4672,false
5101,5102,false
4581,5091,false
4583,5103,false
4584,5093,false
5104,5105,false
5106,5107,false
5108,4897,false
4587,5109,false
4589,5110,false
4589,5111,false
4590,5112,false
5113,4591,false
5114,5115,false
5114,5116,false
5114,5091,false
5117,5118,false
5119,4818,false
5120,5121,false
5122,5123,false
5122,4661,false
5124,5125,false
5126,5127,false
5128,5129,false
5130,5072,false
5130,5131,false
5132,4832,false
5132,4947,false
5132,5133,false
4600,5134,false
5135,5136,false
5137,5138,false
5139,5140,false
4604,5075,false
4607,5141,false
5142,5143,false
5142,4910,false
5144,5145,false
5146,5147,false
5146,5004,false
5148,5149,false
5148,5150,false
5151,4974,false
4620,4639,false
4620,5152,false
5060,5098,false
5060,5087,false
5123,5153,false
4623,5154,false
4624,4748,false
5155,5156,false
5157,5039,false
5158,5159,false
5160,5161,false
5160,5162,false
4629,5163,false
5164,5165,false
4632,5166,false
4632,5105,false
5143,5007,false
5167,5168,false
4635,5169,false
4637,5085,false
5170,5171,false
5172,5173,false
5174,4935,false
5175,4948,false
5176,4703,false
5177,5178,false
5179,4985,false
5180,5181,false
5182,5183,false
5184,4770,false
5185,5186,false
4643,5187,false
4644,5188,false
5189,4748,false
5190,5191,false
5192,5165,false
5192,4741,false
5192,5193,false
5149,5194,false
5195,5196,false
5195,5197,false
5195,5127,false
5195,5198,false
5195,5199,false
5200,5201,false
5202,5203,false
5196,4850,false
5204,4960,false
4657,5205,false
5206,5207,false
4658,5208,false
4659,5209,false
4659,5019,false
4660,5191,false
5210,5211,false
5212,5213,false
5214,4747,false
5214,4955,false
4664,5215,false
4666,4927,false
5197,5150,false
5216,4865,false
5216,5217,false
5096,5218,false
5125,5219,false
5125,5039,false
5220,5221,false
5222,5223,false
4672,5224,false
5225,4865,false
5152,5226,false
5152,5227,false
5228,5229,false
5228,5169,false
5228,5224,false
5230,5231,false
5232,5233,false
5234,4921,false
5234,4957,false
5235,4822,false
5235,5186,false
5236,4820,false
5236,5237,false
5236,5238,false
5088,5186,false
4681,4853,false
5191,5239,false
5240,5241,false
5242,5243,false
4685,5244,false
5140,5178,false
4688,5245,false
5099,5169,false
5246,5247,false
5248,4852,false
5249,5250,false
5251,4774,false
5251,5252,false
4701,5075,false
4703,5253,false
4707,5254,false
5255,4982,false
5183,4723,false
5183,5256,false
5257,5258,false
5259,5260,false
4712,5136,false
5261,5262,false
5207,5263,false
5207,4981,false
4713,5264,false
5265,5266,false
5267,4790,false
5268,5269,false
5268,5226,false
5270,4971,false
4726,5271,false
5272,5273,false
5274,5250,false
5275,4963,false
5276,5277,false
5278,5279,false
5280,5052,false
5281,5252,false
5282,5283,false
4753,5284,false
5285,5286,false
5287,5188,false
5287,5074,false
5129,4982,false
5288,5168,false
5072,5289,false
5290,5291,false
5292,4906,false
4782,5209,false
4784,5293,false
4785,5294,false
4785,5279,false
5295,5112,false
4789,5296,false
5218,5297,false
5298,5299,false
5298,5300,false
5168,5301,false
5168,5105,false
5168,4997,false
5302,5303,false
5277,5136,false
5273,4997,false
5271,4934,false
5271,5304,false
5271,5305,false
5306,5307,false
5269,5245,false
5308,5309,false
5308,5310,false
5311,5312,false
4819,4952,false
5313,5238,false
4821,5245,false
5314,5315,false
5316,4979,false
4826,5317,false
5318,5105,false
5318,5319,false
5320,4881,false
5069,5052,false
4850,4867,false
5321,4914,false
5322,5323,false
4852,5324,false
4852,5038,false
5073,5325,false
5326,4938,false
5326,5239,false
5327,5245,false
5328,5329,false
5330,5331,false
5331,5332,false
5231,5333,false
4865,5229,false
5334,5335,false
5336,5337,false
5213,5013,false
5338,5305,false
5339,4953,false
5323,5340,false
4876,5341,false
5342,5279,false
4880,5343,false
4884,4980,false
5344,5345,false
5159,5346,false
4887,5301,false
4898,5153,false
5252,4975,false
5303,4953,false
4907,4953,false
5317,5347,false
5317,5348,false
5349,4917,false
5349,5091,false
5349,5350,false
4919,5332,false
5181,5116,false
5074,5319,false
5351,4984,false
5352,5353,false
5354,4971,false
5340,5355,false
4956,5094,false
5296,5087,false
5347,5350,false
5229,5356,false
5357,4986,false
5357,5358,false
5359,5360,false
4967,5346,false
5332,5361,false
5169,5329,false
5362,5363,false
5364,5365,false
5297,5319,false
5366,5224,false
5053,5217,false
5367,5368,true
5368,5369,true
5370,5369,true
5371,5372,true
5371,5373,true
5372,5374,true
5375,5376,true
5377,5378,true
5379,5380,true
5381,5382,true
5383,5384,true
5385,5386,true
5387,5382,true
5388,5389,true
5390,5384,true
5391,5392,true
5393,5394,true
5395,5396,true
5397,5398,true
5399,5400,true
5399,5401,true
5400,5401,true
5400,5402,true
5403,5404,true
5405,5406,true
5407,5408,true
5408,5409,true
5410,5411,true
5412,5413,true
5412,5414,true
5415,5414,true
5413,5414,true
5416,5414,true
5417,5418,true
5419,5418,true
5420,5421,true
5422,5423,true
5424,5425,true
5426,5427,true
5427,5428,true
5429,5428,true
5430,5431,true
5432,5433,true
5432,5434,true
5431,5434,true
5435,5436,true
5435,5437,true
5438,5436,true
5439,5440,true
5441,5442,true
5443,5444,true
5445,5446,true
5447,5448,true
5449,5450,true
5451,5452,true
5453,5454,true
5455,5456,true
5457,5458,true
5459,5460,true
5461,5462,true
5463,5464,true
5463,5465,true
5466,5467,true
5468,5469,true
5468,5470,true
5469,5470,true
5471,5472,true
5473,5474,true
5475,5476,true
5477,5478,true
5479,5480,true
5481,5482,true
5483,5484,true
5484,5485,true
5484,5486,true
5487,5488,true
5489,5490,true
5489,5491,true
5490,5492,true
5490,5493,true
5494,5495,true
5496,5497,true
5498,5499,true
5500,5501,true
5502,5501,true
5503,5504,true
5505,5506,true
5507,5508,true
5509,5510,true
5511,5512,true
5511,5513,true
5512,5513,true
5514,5515,true
5516,5517,true
5518,5519,true
5520,5521,true
5520,5522,true
5523,5524,true
5525,5526,true
5527,5528,true
5529,5530,true
5531,5532,true
5533,5530,true
5534,5535,true
5534,5536,true
5537,5538,true
5539,5540,true
5541,5542,true
5543,5544,true
5544,5545,true
5546,5547,true
5548,5549,true
5548,5550,true
5551,5552,true
5553,5554,true
5555,5556,true
5557,5558,true
5559,5560,true
5561,5562,true
5563,5562,true
5563,5564,true
5565,5566,true
5567,5568,true
5569,5570,true
5571,5572,true
5571,5573,true
5574,5575,true
5576,5577,true
5578,5579,true
5580,5581,true
5580,5582,true
5583,5584,true
5584,5585,true
5586,5587,true
5586,5588,true
5588,5589,true
5590,5591,true
5592,5593,true
5592,5594,true
5595,5593,true
5596,5597,true
5598,5599,true
5598,5600,true
5599,5600,true
5601,5602,true
5603,5604,true
5605,5606,true
5607,5606,true
5608,5609,true
5608,5610,true
5611,5612,true
5613,5614,true
5613,5615,true
5616,5614,true
5614,5615,true
5617,5618,true
5619,5620,true
5620,5621,true
5622,5623,true
5624,5625,true
5624,5626,true
5624,5627,true
5628,5629,true
5630,5631,true
5632,5633,true
5634,5633,true
5635,5636,true
5637,5638,true
5639,5640,true
5639,5641,true
5641,5642,true
5643,5644,true
5643,5645,true
5646,5647,true
5648,5649,true
5648,5650,true
5649,5650,true
5651,5652,true
5653,5652,true
5654,5655,true
5656,5657,true
5658,5659,true
5658,5660,true
5661,5662,true
5661,5659,true
5662,5660,true
5659,5660,true
5663,5664,true
5663,5665,true
5664,5666,true
5665,5667,true
5666,5668,true
5669,5670,true
5671,5672,true
5673,5674,true
5675,5676,true
5676,5677,true
5678,5679,true
5680,5681,true
5682,5683,true
5684,5685,true
5686,5687,true
5688,5689,true
5690,5691,true
5692,5693,true
5694,5695,true
5694,5696,true
5694,5697,true
5695,5696,true
5696,5697,true
5697,5698,true
5699,5700,true
5701,5702,true
5703,5704,true
5705,5706,true
5707,5708,true
5708,5709,true
5708,5710,true
5711,5712,true
5713,5714,true
5715,5716,true
5717,5718,true
5718,5719,true
5720,5721,true
5722,5721,true
5723,5724,true
5725,5726,true
5727,5726,true
5728,5729,true
5730,5731,true
5732,5733,true
5732,5731,true
5734,5735,true
5736,5737,true
5736,5738,true
5736,5739,true
5738,5739,true
5740,5741,true
5742,5741,true
5743,5744,true
5743,5745,true
5744,5745,true
5746,5747,true
5748,5749,true
5748,5750,true
5751,5752,true
5753,5754,true
5755,5756,true
5757,5758,true
5759,5760,true
5761,5762,true
5763,5764,true
5765,5766,true
5767,5768,true
5769,5770,true
5771,5772,true
5771,5773,true
5772,5773,true
5774,5775,true
5776,5777,true
5778,5779,true
5775,5780,true
5781,5782,true
5781,5783,true
5784,5785,true
5782,5786,true
5782,5787,true
5785,5788,true
5789,5790,true
5791,5792,true
5792,5793,true
5794,5795,true
5796,5797,true
5796,5798,true
5799,5798,true
5799,5800,true
5801,5802,true
5803,5804,true
5805,5806,true
5805,5807,true
5805,5808,true
5807,5808,true
5809,5810,true
5811,5812,true
5813,5814,true
5813,5815,true
5816,5817,true
5818,5819,true
5820,5817,true
5821,5822,true
5823,5824,true
5822,5824,true
5825,5826,true
5827,5828,true
5829,5830,true
5831,5832,true
5832,5833,true
5834,5833,true
5835,5836,true
5837,5838,true
5839,5840,false
5839,5841,false
5839,5767,false
5842,5843,false
5844,5845,false
5846,5847,false
5848,5450,false
5848,5713,false
5849,5527,false
5849,5850,false
5849,5851,false
5849,5765,false
5849,5852,false
5853,5854,false
5855,5837,false
5840,5789,false
5856,5369,false
5856,5857,false
5858,5763,false
5858,5792,false
5367,5859,false
5368,5860,false
5368,5861,false
5370,5862,false
5863,5864,false
5865,5866,false
5867,5868,false
5867,5869,false
5867,5870,false
5373,5871,false
5872,5873,false
5874,5875,false
5841,5864,false
5378,5876,false
5877,5878,false
5879,5880,false
5881,5835,false
5882,5795,false
5883,5884,false
5883,5474,false
5885,5886,false
5887,5888,false
5889,5890,false
5891,5710,false
5391,5892,false
5392,5893,false
5894,5895,false
5857,5896,false
5897,5898,false
5899,5900,false
5899,5558,false
5901,5902,false
5903,5904,false
5862,5540,false
5905,5906,false
5893,5907,false
5908,5423,false
5908,5909,false
5910,5911,false
5912,5913,false
5914,5633,false
5915,5916,false
5915,5651,false
5917,5396,false
5918,5758,false
5919,5920,false
5921,5922,false
5921,5923,false
5924,5925,false
5924,5926,false
5927,5928,false
5402,5929,false
5930,5794,false
5931,5695,false
5932,5933,false
5932,5934,false
5932,5665,false
5932,5935,false
5936,5937,false
5938,5939,false
5415,5940,false
5416,5941,false
5942,5943,false
5942,5944,false
5925,5878,false
5945,5926,false
5880,5606,false
5946,5947,false
5946,5948,false
5420,5445,false
5875,5949,false
5423,5950,false
5951,5714,false
5952,5953,false
5884,5954,false
5955,5956,false
5955,5957,false
5958,5959,false
5958,5960,false
5958,5961,false
5962,5847,false
5963,5950,false
5963,5964,false
5965,5966,false
5430,5940,false
5967,5968,false
5967,5697,false
5967,5969,false
5967,5743,false
5970,5871,false
5970,5724,false
5436,5971,false
5440,5972,false
5440,5591,false
5440,5973,false
5937,5974,false
5442,5975,false
5976,5977,false
5978,5454,false
5978,5469,false
5443,5513,false
5443,5661,false
5446,5979,false
5979,5980,false
5449,5968,false
5981,5982,false
5983,5984,false
5985,5986,false
5987,5988,false
5975,5487,false
5975,5989,false
5990,5991,false
5992,5713,false
5993,5994,false
5993,5995,false
5993,5746,false
5996,5653,false
5997,5612,false
5456,5998,false
5999,5941,false
6000,6001,false
6002,5843,false
6002,6003,false
5900,5644,false
5900,6004,false
5468,6005,false
5468,6006,false
6007,6008,false
5473,6009,false
5474,6010,false
5482,6011,false
5483,6012,false
6013,5657,false
5860,6014,false
6009,6015,false
6009,6016,false
6017,6018,false
6019,5604,false
6019,6020,false
6021,6022,false
6023,5861,false
5494,6024,false
5495,5601,false
5495,6025,false
5859,6026,false
5859,6027,false
5968,6028,false
6029,5618,false
6030,6031,false
6030,6032,false
5500,5716,false
5501,5934,false
6033,5904,false
5966,6034,false
6035,5671,false
5947,5712,false
6036,6037,false
5940,6038,false
6039,6040,false
6039,6041,false
6039,5763,false
6042,6043,false
6044,6045,false
5929,5611,false
6046,6020,false
6046,5736,false
6047,6048,false
6012,5956,false
6012,6049,false
6050,6051,false
6052,6053,false
6054,6026,false
6055,6056,false
5524,6057,false
5991,6058,false
6059,6060,false
6059,6061,false
6062,5570,false
6062,5943,false
6062,5977,false
6063,6064,false
6063,5684,false
6065,6066,false
6067,5864,false
6068,6069,false
6068,5794,false
5971,6070,false
5546,6071,false
5953,6031,false
5847,5675,false
5549,6072,false
5550,6073,false
5550,6074,false
5551,6075,false
5552,6010,false
5554,5789,false
6076,6077,false
6078,5606,false
6078,6074,false
5557,6079,false
6080,6081,false
5892,6082,false
6083,6084,false
5569,5794,false
5578,6037,false
5580,5852,false
5591,5805,false
6085,5687,false
6034,6086,false
6087,6088,false
5943,6089,false
5904,5876,false
5934,6090,false
6091,5984,false
5864,6092,false
5604,6070,false
6093,6094,false
6095,6096,false
6095,6077,false
6097,5607,false
6098,5845,false
5617,6099,false
6100,5986,false
6101,6060,false
6102,5989,false
5638,5726,false
5960,6020,false
6103,6104,false
6105,6006,false
6106,5869,false
6107,5909,false
6108,6109,false
6110,6094,false
6111,5719,false
6111,5838,false
5888,6112,false
6113,6114,false
6113,6115,false
5658,6005,false
5658,6116,false
6117,5986,false
5941,5852,false
6118,6119,false
6043,5809,false
6120,6121,false
6122,6123,false
6124,6006,false
5680,5964,false
6125,6126,false
5689,5693,false
5871,5870,false
5871,6127,false
6128,6129,false
6130,6131,false
6130,6132,false
6133,6038,false
6069,6041,false
6134,5923,false
6134,6045,false
5721,6135,false
6031,5944,false
6031,6077,false
6136,6137,false
6114,6138,false
5950,6139,false
5944,6137,false
5845,6074,false
5734,6129,false
6057,5744,false
6084,6140,false
6141,6142,false
6138,6143,false
6144,6145,false
6146,6147,false
6096,5797,false
6096,6077,false
6148,5820,false
5878,6149,false
6150,6014,false
6149,6151,false
6152,6153,true
6154,6155,true
6156,6157,true
6158,6157,true
6159,6160,true
6159,6161,true
6162,6163,true
6164,6165,true
6166,6167,true
6168,6169,true
6168,6170,true
6168,6171,true
6170,6171,true
6172,6173,true
6174,6175,true
6176,6177,true
6176,6178,true
6179,6180,true
6181,6182,true
6183,6184,true
6180,6185,true
6186,6187,true
6188,6189,true
6190,6191,true
6192,6193,true
6194,6193,true
6195,6196,true
6197,6198,true
6197,6199,true
6198,6199,true
6200,6201,true
6200,6202,true
6202,6203,true
6204,6205,true
6206,6207,true
6206,6205,true
6208,6209,true
6210,6211,true
6212,6213,true
6214,6215,true
6216,6217,true
6218,6219,true
6218,6220,true
6221,6222,true
6219,6222,true
6223,6224,true
6223,6225,true
6226,6227,true
6227,6228,true
6229,6230,true
6231,6232,true
6233,6234,true
6235,6234,true
6236,6237,true
6238,6239,true
6238,6240,true
6238,6241,true
6239,6240,true
6239,6241,true
6242,6243,true
6244,6245,true
6246,6247,true
6248,6249,true
6250,6251,true
6252,6253,true
6252,6251,true
6254,6255,true
6256,6257,true
6256,6258,true
6259,6260,true
6259,6261,true
6262,6263,true
6263,6264,true
6265,6264,true
6266,6264,true
6267,6268,true
6269,6270,true
6271,6272,true
6272,6273,true
6274,6275,true
6276,6277,true
6276,6278,true
6277,6278,true
6279,6280,true
6281,6280,true
6281,6282,true
6280,6282,true
6283,6284,true
6285,6286,true
6287,6286,true
6286,6288,true
6288,6289,true
6290,6291,true
6290,6292,true
6293,6291,true
6294,6295,true
6296,6297,true
6298,6299,true
6300,6297,true
6301,6302,true
6303,6304,true
6303,6305,true
6306,6307,true
6307,6308,true
6309,6310,true
6311,6312,true
6313,6312,true
6314,6315,true
6316,6317,true
6318,6319,true
6319,6317,true
6320,6317,true
6321,6322,true
6323,6324,true
6325,6326,true
6327,6328,true
6327,6329,true
6330,6329,true
6331,6329,true
6332,6333,true
6334,6335,true
6335,6336,true
6337,6338,true
6339,6340,true
6341,6342,true
6343,6344,true
6345,6346,true
6347,6348,true
6349,6350,true
6351,6352,true
6352,6353,true
6354,6355,true
6356,6357,true
6358,6357,true
6359,6360,true
6361,6362,true
6363,6364,true
6365,6366,true
6367,6368,true
6369,6370,true
6368,6371,true
6370,6372,true
6371,6372,true
6373,6374,true
6375,6376,true
6377,6378,true
6379,6380,true
6381,6382,true
6383,6384,true
6385,6386,true
6387,6388,true
6389,6390,true
6391,6392,true
6393,6394,true
6395,6396,true
6396,6397,true
6398,6399,true
6400,6401,true
6402,6403,true
6404,6405,true
6406,6407,true
6408,6409,true
6410,6411,true
6412,6413,true
6412,6414,true
6415,6416,true
6416,6417,true
6418,6419,true
6420,6421,true
6422,6423,true
6424,6425,true
6426,6427,true
6426,6428,true
6427,6428,true
6429,6428,true
6430,6431,true
6432,6433,true
6433,6434,true
6435,6436,true
6437,6438,true
6439,6438,true
6440,6441,true
6442,6441,true
6443,6444,true
6444,6445,true
6446,6447,true
6447,6448,true
6449,6450,true
6451,6452,true
6453,6454,true
6455,6456,true
6457,6458,true
6459,6460,true
6461,6462,true
6463,6464,true
6464,6465,true
6466,6467,true
6467,6468,true
6469,6470,true
6471,6472,true
6473,6474,true
6473,6475,true
6476,6475,true
6477,6478,true
6479,6478,true
6480,6481,true
6482,6483,true
6484,6481,true
6485,6486,true
6487,6486,true
6488,6489,true
6488,6490,true
6489,6490,true
6491,6490,true
6492,6493,true
6494,6495,true
6496,6497,true
6497,6498,true
6499,6500,true
6499,6501,true
6500,6501,true
6500,6502,true
6503,6504,true
6505,6506,true
6505,6507,true
6508,6509,true
6510,6511,true
6512,6513,true
6514,6515,true
6516,6517,true
6516,6518,true
6517,6518,true
6519,6520,true
6521,6522,true
6523,6524,true
6525,6526,true
6524,6526,true
6527,6528,true
6529,6530,true
6531,6532,true
6533,6534,true
6535,6536,true
6537,6538,true
6536,6538,true
6539,6540,true
6541,6542,true
6543,6544,true
6545,6546,true
6547,6548,true
6549,6550,true
6551,6552,true
6553,6554,true
6553,6555,true
6556,6557,true
6558,6559,true
6560,6561,true
6562,6559,true
6563,6564,true
6565,6559,true
6566,6567,true
6566,6568,true
6567,6568,true
6569,6570,true
6571,6570,true
6572,6573,true
6574,6575,true
6576,6577,true
6576,6578,true
6576,6579,true
6580,6579,true
6581,6582,true
6583,6584,true
6585,6586,true
6585,6587,true
6586,6587,true
6586,6588,true
6587,6588,true
6589,6590,true
6590,6591,true
6592,6593,true
6592,6594,true
6595,6596,true
6597,6598,true
6599,6600,true
6601,6602,true
6603,6604,true
6605,6604,true
6606,6607,true
6606,6608,true
6607,6608,true
6609,6610,true
6611,6612,true
6611,6613,true
6612,6614,true
6615,6616,true
6617,6618,true
6617,6619,true
6620,6618,true
6621,6622,true
6623,6624,true
6625,6626,false
6625,6338,false
6625,6627,false
6625,6628,false
6625,6629,false
6630,6631,false
6153,6632,false
6154,6633,false
6163,6634,false
6167,6635,false
6636,6592,false
6169,6637,false
6170,6638,false
6639,6640,false
6641,6642,false
6172,6643,false
6644,6645,false
6644,6440,false
6646,6647,false
6646,6541,false
6177,6648,false
6649,6499,false
6650,6651,false
6650,6652,false
6653,6654,false
6653,6655,false
6653,6656,false
6653,6657,false
6658,6659,false
6658,6660,false
6189,6495,false
6661,6293,false
6662,6663,false
6662,6506,false
6664,6665,false
6666,6667,false
6668,6669,false
6668,6588,false
6192,6670,false
6193,6671,false
6196,6672,false
6673,6674,false
6675,6676,false
6677,6678,false
6677,6679,false
6680,6214,false
6680,6681,false
6682,6683,false
6684,6685,false
6197,6686,false
6197,6514,false
6687,6688,false
6205,6360,false
6689,6642,false
6690,6294,false
6691,6692,false
6693,6694,false
6695,6696,false
6697,6275,false
6698,6338,false
6212,6699,false
6213,6700,false
6701,6702,false
6701,6703,false
6701,6512,false
6704,6705,false
6704,6706,false
6707,6708,false
6707,6449,false
6215,6435,false
6709,6710,false
6711,6712,false
6711,6685,false
6713,6714,false
6715,6716,false
6715,6717,false
6718,6719,false
6720,6721,false
6222,6722,false
6222,6723,false
6223,6724,false
6226,6725,false
6235,6726,false
6727,6728,false
6727,6729,false
6236,6730,false
6236,6731,false
6678,6573,false
6240,6732,false
6240,6733,false
6734,6735,false
6736,6737,false
6736,6738,false
6736,6739,false
6740,6279,false
6247,6741,false
6247,6742,false
6674,6743,false
6674,6744,false
6674,6603,false
6249,6745,false
6249,6746,false
6747,6748,false
6251,6738,false
6251,6749,false
6750,6751,false
6750,6459,false
6752,6753,false
6754,6703,false
6753,6755,false
6756,6388,false
6756,6757,false
6758,6692,false
6758,6759,false
6760,6761,false
6760,6762,false
6760,6763,false
6764,6765,false
6764,6386,false
6766,6767,false
6768,6769,false
6770,6771,false
6665,6277,false
6716,6659,false
6772,6773,false
6266,6694,false
6774,6775,false
6776,6765,false
6776,6777,false
6778,6521,false
6654,6779,false
6780,6781,false
6269,6413,false
6270,6381,false
6782,6783,false
6782,6784,false
6782,6785,false
6632,6786,false
6722,6548,false
6787,6788,false
6787,6789,false
6271,6790,false
6272,6745,false
6274,6791,false
6735,6792,false
6793,6779,false
6793,6439,false
6293,6737,false
6728,6794,false
6728,6795,false
6295,6769,false
6796,6712,false
6791,6797,false
6798,6799,false
6692,6361,false
6301,6512,false
6800,6801,false
6308,6749,false
6672,6788,false
6802,6803,false
6643,6732,false
6804,6805,false
6806,6788,false
6806,6807,false
6808,6738,false
6314,6809,false
6810,6811,false
6723,6812,false
6813,6814,false
6813,6681,false
6324,6815,false
6816,6372,false
6817,6818,false
6817,6819,false
6817,6820,false
6821,6822,false
6821,6577,false
6712,6724,false
6655,6823,false
6824,6634,false
6825,6819,false
6826,6660,false
6827,6652,false
6828,6829,false
6828,6830,false
6831,6575,false
6349,6832,false
6833,6834,false
6833,6835,false
6836,6837,false
6836,6838,false
6358,6363,false
6839,6840,false
6839,6576,false
6841,6842,false
6805,6843,false
6745,6844,false
6745,6845,false
6365,6671,false
6366,6846,false
6366,6847,false
6848,6849,false
6686,6640,false
6659,6850,false
6659,6851,false
6761,6638,false
6852,6853,false
6854,6855,false
6676,6856,false
6846,6466,false
6378,6379,false
6710,6492,false
6834,6461,false
6834,6468,false
6834,6660,false
6834,6857,false
6858,6570,false
6858,6859,false
6860,6495,false
6400,6847,false
6861,6535,false
6633,6862,false
6812,6863,false
6864,6629,false
6865,6847,false
6642,6421,false
6866,6681,false
6866,6815,false
6670,6845,false
6867,6868,false
6822,6660,false
6634,6869,false
6856,6788,false
6856,6870,false
6856,6696,false
6413,6871,false
6872,6799,false
6873,6669,false
6873,6575,false
6874,6875,false
6423,6847,false
6430,6671,false
6431,6876,false
6431,6755,false
6432,6622,false
6435,6529,false
6877,6785,false
6878,6449,false
6878,6875,false
6437,6511,false
6879,6880,false
6769,6869,false
6694,6638,false
6694,6763,false
6638,6542,false
6809,6721,false
6809,6859,false
6881,6458,false
6882,6514,false
6883,6884,false
6883,6885,false
6452,6886,false
6811,6696,false
6887,6868,false
6456,6513,false
6888,6889,false
6706,6685,false
6790,6890,false
6790,6584,false
6719,6726,false
6460,6891,false
6820,6533,false
6892,6773,false
6469,6862,false
6469,6893,false
6894,6895,false
6896,6542,false
6476,6897,false
6895,6898,false
6478,6899,false
6900,6901,false
6656,6902,false
6903,6733,false
6492,6543,false
6721,6904,false
6508,6905,false
6906,6907,false
6906,6908,false
6909,6688,false
6910,6907,false
6837,6574,false
6911,6517,false
6520,6912,false
6862,6913,false
6534,6739,false
6914,6880,false
6536,6679,false
6540,6843,false
6830,6553,false
6789,6915,false
6916,6917,true
6918,6919,true
6918,6920,true
6920,6921,true
6922,6923,true
6924,6925,true
6924,6926,true
6927,6928,true
6929,6930,true
6931,6932,true
6933,6934,true
6935,6936,true
6937,6938,true
6939,6940,true
6941,6940,true
6942,6943,true
6944,6945,true
6946,6947,true
6948,6949,true
6950,6951,true
6952,6949,true
6951,6949,true
6953,6954,true
6955,6956,true
6955,6957,true
6958,6959,true
6956,6959,true
6957,6959,true
6960,6961,true
6961,6962,true
6963,6962,true
6964,6965,true
6964,6966,true
6964,6967,true
6965,6968,true
6968,6967,true
6969,6970,true
6971,6972,true
6971,6973,true
6972,6973,true
6974,6975,true
6973,6976,true
6977,6978,true
6979,6980,true
6979,6981,true
6982,6983,true
6984,6985,true
6985,6986,true
6986,6987,true
6988,6989,true
6990,6991,true
6992,6993,true
6994,6995,true
6996,6997,true
6996,6998,true
6997,6998,true
6999,7000,true
6999,7001,true
7002,7003,true
7002,7004,true
7000,7003,true
7005,7006,true
7007,7008,true
7009,7010,true
7009,7011,true
7012,7013,true
7014,7015,true
7016,7017,true
7018,7019,true
7020,7021,true
7022,7023,true
7024,7025,true
7026,7027,true
7028,7029,true
7028,7030,true
7028,7031,true
7032,7030,true
7029,7030,true
7033,7034,true
7035,7036,true
7037,7038,true
7039,7040,true
7041,7042,true
7043,7044,true
7045,7046,true
7047,7048,true
7047,7049,true
7048,7049,true
7050,7051,true
7052,7053,true
7054,7055,true
7056,7057,true
7058,7059,true
7060,7061,true
7062,7063,true
7064,7065,true
7065,7066,true
7067,7066,true
7068,7069,true
7070,7071,true
7072,7073,true
7074,7075,true
7076,7077,true
7078,7079,true
7078,7080,true
7081,7082,true
7083,7084,true
7084,7085,true
7084,7086,true
7087,7088,true
7089,7090,true
7090,7091,true
7090,7092,true
7091,7092,true
7093,7094,true
7094,7095,true
7096,7097,true
7098,7099,true
7098,7100,true
7099,7100,true
7101,7102,true
7101,7103,true
7104,7105,true
7104,7106,true
7107,7108,true
7109,7110,true
7111,7112,true
7113,7112,true
7114,7115,true
7114,7116,true
7115,7116,true
7117,7118,true
7119,7120,true
7121,7122,true
7123,7124,true
7125,7126,true
7127,7128,true
7129,7130,true
7128,7131,true
7128,7132,true
7133,7134,true
7135,7136,true
7137,7136,true
7138,7139,true
7140,7141,true
7142,7143,true
7144,7145,true
7144,7146,true
7145,7146,true
7147,7148,true
7148,7149,true
7148,7150,true
7151,7152,true
7153,7154,true
7155,7156,true
7157,7158,true
7159,7160,true
7161,7162,true
7163,7164,true
7163,7165,true
7166,7167,true
7168,7169,true
7169,7170,true
7171,7172,true
7171,7173,true
7174,7175,true
7176,7177,true
7178,7179,true
7178,7180,true
7181,7182,true
7183,7184,true
7183,7185,true
7186,7187,true
7188,7187,true
7189,7190,true
7191,7192,true
7193,7194,true
7193,7195,true
7194,7195,true
7196,7197,true
7198,7199,true
7200,7199,true
7201,7202,true
7203,7204,true
7203,7205,true
7204,7205,true
7204,7206,true
7207,7206,true
7208,7209,true
7210,7211,true
7212,7213,true
7214,7215,true
7216,7217,true
7218,7219,true
7218,7220,true
7219,7220,true
7221,7222,true
7221,7223,true
7224,7225,true
7224,7226,true
7227,7225,true
7225,7226,true
7225,7228,true
7229,7230,true
7229,7231,true
7232,7233,true
7232,7231,true
7234,7231,true
7235,7236,true
7237,7238,true
7239,7240,true
7241,7242,true
7241,7243,true
7244,7245,true
7246,7247,true
7248,7249,true
7250,7251,true
7252,7253,true
7254,7255,true
7255,7256,true
7257,7258,true
7259,7260,true
7261,7262,true
7263,7264,true
7263,7265,true
7263,7266,true
7265,7266,true
7267,7268,true
7269,7270,true
7271,7272,true
7273,7274,true
7275,7276,true
7277,7278,true
7279,7280,true
7281,7282,true
7283,7284,true
7283,7285,true
7283,7286,true
7284,7287,true
7285,7287,true
7288,7289,true
7290,7291,true
7291,7292,true
7293,7294,true
7295,7296,true
7297,7298,true
7299,7300,true
7299,7301,true
7302,7303,true
7304,7305,true
7306,7307,true
7308,7309,true
7310,7311,true
7312,7313,true
7314,7315,true
7316,7317,true
7317,7318,true
7319,7320,true
7321,7322,true
7323,7324,true
7325,7326,true
7327,7328,true
7329,7330,true
7331,7332,true
7331,7333,true
7334,7335,true
7336,7337,true
7338,7339,true
7340,7341,true
7342,7341,true
7343,7344,true
7345,7346,true
7347,7348,true
7347,7349,true
7348,7349,true
7350,7351,true
7352,7353,true
7354,7353,true
7353,7355,true
7356,7357,true
7358,7359,true
7360,7361,true
7362,7363,true
7364,7365,true
7366,7367,true
7368,7369,true
7370,7371,true
7372,7371,true
7373,7374,true
7375,7374,true
7376,7377,true
7378,7379,true
7380,7381,true
7382,7383,true
7382,7379,true
7384,7385,true
7386,7387,true
7388,7389,true
7390,7391,true
7392,7393,true
7394,7395,false
7394,7396,false
7394,7397,false
7398,7399,false
7398,7400,false
7398,7401,false
7402,7403,false
7404,7405,false
7406,7407,false
7408,7409,false
7408,7410,false
7409,7105,false
7409,7175,false
6922,7411,false
6923,7388,false
7412,7413,false
7412,7414,false
6926,7415,false
6926,7018,false
7416,7417,false
7416,7281,false
7416,7418,false
7419,7420,false
7419,7421,false
7422,7423,false
7422,7424,false
7422,7425,false
7426,7427,false
7428,7429,false
7430,6989,false
7430,7367,false
6933,7431,false
7432,7433,false
7432,7089,false
7434,7168,false
7434,7435,false
7434,7312,false
7436,7437,false
7436,7438,false
7439,7440,false
7441,7370,false
6939,7442,false
6942,7443,false
6945,7444,false
7445,7446,false
7445,7447,false
7445,7448,false
7445,7096,false
7445,7449,false
7450,6993,false
7450,7451,false
7450,7340,false
7452,7002,false
7452,7453,false
7454,7377,false
7455,7456,false
6954,7396,false
7457,7399,false
6963,7202,false
7458,7459,false
7460,7461,false
7462,7187,false
7463,7464,false
7463,7465,false
7427,7466,false
7467,7465,false
7468,7469,false
7468,7470,false
7471,7045,false
6966,7472,false
7473,7474,false
7475,7476,false
7446,7477,false
7446,7478,false
7446,7479,false
7480,7481,false
7482,7106,false
7483,7484,false
7483,7485,false
7410,7393,false
7486,7487,false
7488,7007,false
6989,7489,false
7490,7491,false
6992,7492,false
6993,7493,false
7494,7495,false
7494,7035,false
6996,7399,false
6996,7496,false
7497,7498,false
7006,7365,false
7495,7499,false
7010,7500,false
7013,7190,false
7501,7502,false
7503,7504,false
7505,7506,false
7507,7219,false
7507,7508,false
7507,7442,false
7014,7223,false
7015,7425,false
7509,7510,false
7509,7511,false
7512,7151,false
7513,7514,false
7515,7496,false
7515,7516,false
7517,7518,false
7519,7094,false
7520,7521,false
7520,7522,false
7019,7523,false
7524,7481,false
7456,7040,false
7500,7191,false
7022,7525,false
7022,7510,false
7023,7367,false
7024,7526,false
7527,7528,false
7527,7529,false
7027,7530,false
7531,7532,false
7028,7533,false
7028,7534,false
7535,7126,false
7033,7283,false
7536,7537,false
7536,7538,false
7528,7539,false
7540,7541,false
7542,7329,false
7543,7544,false
7042,7055,false
7489,7545,false
7546,7187,false
7447,7547,false
7046,7548,false
7499,7549,false
7550,7304,false
7423,7551,false
7552,7459,false
7395,7553,false
7506,7202,false
7506,7554,false
7555,7248,false
7433,7556,false
7557,7558,false
7557,7559,false
7560,7561,false
7562,7563,false
7562,7554,false
7562,7564,false
7518,7526,false
7565,7190,false
7058,7268,false
7566,7567,false
7086,7568,false
7569,7107,false
7570,7571,false
7570,7572,false
7090,7465,false
7091,7573,false
7091,7574,false
7547,7575,false
7576,7577,false
7093,7578,false
7579,7580,false
7558,7581,false
7558,7491,false
7558,7582,false
7583,7584,false
7585,7217,false
7586,7169,false
7424,7587,false
7429,7588,false
7589,7491,false
7465,7590,false
7591,7592,false
7571,7593,false
7425,7435,false
7425,7594,false
7595,7596,false
7597,7598,false
7599,7600,false
7575,7174,false
7601,7481,false
7116,7360,false
7602,7603,false
7117,7604,false
7532,7605,false
7606,7607,false
7544,7608,false
7121,7609,false
7121,7350,false
7610,7182,false
7123,7492,false
7611,7166,false
7611,7612,false
7613,7492,false
7613,7614,false
7613,7344,false
7613,7615,false
7139,7616,false
7139,7287,false
7140,7617,false
7618,7619,false
7521,7620,false
7621,7622,false
7556,7623,false
7624,7492,false
7625,7626,false
7616,7627,false
7152,7628,false
7629,7592,false
7630,7631,false
7164,7632,false
7633,7634,false
7633,7411,false
7635,7466,false
7635,7418,false
7636,7637,false
7638,7639,false
7638,7640,false
7184,7641,false
7199,7373,false
7642,7534,false
7466,7643,false
7466,7502,false
7644,7538,false
7572,7645,false
7646,7311,false
7201,7440,false
7202,7362,false
7617,7647,false
7617,7534,false
7648,7614,false
7631,7649,false
7208,7650,false
7651,7652,false
7608,7526,false
7608,7344,false
7653,7492,false
7654,7634,false
7654,7435,false
7654,7655,false
7656,7657,false
7222,7276,false
7226,7234,false
7226,7319,false
7226,7604,false
7658,7435,false
7658,7342,false
7459,7659,false
7459,7587,false
7397,7660,false
7661,7390,false
7662,7319,false
7663,7568,false
7664,7665,false
7666,7323,false
7666,7667,false
7668,7669,false
7271,7377,false
7670,7671,false
7672,7351,false
7672,7673,false
7280,7364,false
7674,7675,false
7676,7677,false
7581,7584,false
7400,7637,false
7678,7679,false
7678,7339,false
7492,7438,false
7680,7681,false
7444,7682,false
7660,7683,false
7298,7684,false
7685,7686,false
7687,7332,false
7310,7554,false
7688,7689,false
7690,7691,false
7692,7594,false
7691,7693,false
7553,7694,false
7695,7502,false
7578,7628,false
7694,7637,false
7603,7696,false
7675,7697,false
7683,7414,false
7346,7650,false
7698,7564,false
7699,7502,false
7700,7508,false
7354,7632,false
